city;postal_code;medias_comma_separated;
GRASSE;6130;4c04f12aa4880,4ccfa821d4e80;
Paris;75008;4d1ba821d4e80;
Paris;75018;4423512aa4880;
Fleury les Aubrais;45400;4563612aa4880;
Donneville;31450;4b55a12aa4880;
saint alban;31140;4c40e12aa4880;
Nancy;54000;4c05a12aa4880;
Bennecourt;78270;49a1112aa4880,4ac0e12aa4880;
DOMONT CEDEX;95331;4502612aa4880,4ab2d7aaa4880;
COURBEVOIE;92400;4137312aa4880;
st julien molin molette;42220;49b1112aa4880;
magny le hongre;77700;4771112aa4880;
Montpellier;34000;4990e12aa4880;
MONTPELLIER;34090;4661012aa4880;
Versailles;78000;4a54012aa4880;
MAULE;78580;47f1012aa4880;
Saint Cyr sur Loire;37540;4901112aa4880;
VALENCE;26000;49d5a12aa4880;
CALMONT;31560;4efaa12aa4880;
COURBEVOIE;92400;4f75a12aa4880;
NOISY LE GRAND;93160;4f35312aa4880;
MULHOUSE;68100;4843512aa4880;
PLOEMEUR;56270;40e7212aa4880;
Iville;27110;4503612aa4880,4a1013a982f90;
Cologne (Allemagne);51065;4bdb722982f80;
NEUILLY SUR SEINE;92200;4d5fc3a982f80;
FLEURY LES AUBRAIS;45400;40241f23e3e81;
LES MUREAUX;78130;4974c32982f80,4d92432982f80,4c9257aaa4880;
LE CHESNAY;78150;4a3fc3a982f80,4f30c3a982f90,41ebb22982f81,4c8153a982f90;
ST MAUR DES FOSSES;94100;4e2033a982f90;
LONS LE SAUNIER;39000;4cf183a982f90;
VIF;38450;45e2612aa4880;
Tours;37100;4ae113a982f90;
MEYLAN;38240;4dd0f3a982f90;
DOUVILLE;24140;4d02832982f80;
MONTIGNY LE BRETONNEUX;78180;47f4f12aa4880;
ADAINVILLE;78113;4ad1c32982f80;
VERNEUIL SUR SEINE;78480;4913512aa4880;
PERPIGNAN;66000;4962c32982f80,4098e821d4e80,4d6c3821d4e80;
BOUT DU PONT DE LARN;81660;462b722982f80;
PARIS 19EME ARRONDISSEMENT;75019;4721c32982f80;
SEGRE;49500;4741112aa4880;
saint denis;93200;4cc0e32982f80;
;;48f3d9aab4880,4d5039aab4884,480f69aab4880,409989aab4881,44db722982f80,44423f23e3e80;
PARIS 8EME ARRONDISSEMENT;75008;461ec9aab4880;
paris;75004;448e09aab4880;
PARIS 8 emeARRONDISSEMENT;75008;4eb8f821d4e80;
VILLENEUVE ST GEORGES CEDEX;94194;4d8d5821d4e80,4c990821d4e80;
ST OUEN L AUMONE;95310;49e637aaa4880;
HERBLAY;95220;455b27aaa4880;
Paris;75011;4ba8a821d4e80;
PARIS 16EME ARRONDISSEMENT;75016;4c0bf7aaa4880;
ROMORANTIN LANTHENAY;41200;444aa821d4e80;
BOULOGNE BILLANCOURT;92100;4bdc3821d4e80;
VELIZY VILLACOUBLAY;78140;4c92932982f80;
BOUVILLE;91880;4cde69aab4880;
BOIS COLOMBES;92270;4b3589aab4880;
Paris;75007;4984a9aab4880;
Nozay;91620;44e2732982f80;
ISSY LES MOULINEAUX;92130;4e441f23e3e80,4b23d9aab4880;
PARIS 17EME ARRONDISSEMENT;75017;424e09aab4880,4ed8d821d4e80;
PARIS 17EME ARRONDISSEMENT;75017;4f5f99aab4880;
VILLEJUIF;94800;4fde69aab4880;
NANTEY;39160;4ac2b32982f80;
Paris;75116;44423f23e3e80,44fb7f23e3e80,44d707aaa4880,4e8b822982f80,461b17aaa4880;
PARIS 17EME ARRONDISSEMENT;75017;4c4f99aab4880,4d1bb9aab4880,4b7b87aaa4880,4f7b57aaa4880;
HERBLAY;95220;4d4f99aab4880;
Paris;75010;4588e9aab4880;
PARIS 15EME ARRONDISSEMENT;75015;479809aab4880;
Le Mesnil-le-Roi;78600;4c50a9aab4880,4eb039aab4884;
PARIS;75116;44b809aab4880;
PARIS 15EME ARRONDISSEMENT;75015;418bb9aab4881,4a5c4d21a4e80;
FLEURY LES AUBRAIS;45400;4a83d9aab4880,456c99aab4880;
PARIS 15EME ARRONDISSEMENT;75015;47ff69aab4880,44c3f7aaa4880,4c2127aaa4880,4964a9aab4880,466d47aaa4880;
DAX;40100;4bf0a3a982f90;
RUEIL MALMAISON;92500;451f69aab4880;
;75018;48e3d9aab4880;
BIEVRES;91570;4e7f99aab4880;
EVRY GREGY SUR YERRE;77166;4ff989aab4880;
LEVALLOIS PERRET;92300;405919aab4881;
Saint Sébastien de Morsent;27180;4da4a9aab4880;
PLOEMEUR;56270;4b14a9aab4880;
PARIS 12EME ARRONDISSEMENT;75012;4cd083a982f90,45c809aab4880;
PARIS 11EME ARRONDISSEMENT;75011;440f79aab4880;
Rennes;35200;4994a9aab4880;
MORET SUR LOING;77250;426e09aab4880;
Montigny-le-Bretonneux;78180;472f69aab4880;
CHAILLY EN GATINAIS;45260;4d34a9aab4880;
BOULOGNE BILLANCOURT;92100;448f79aab4880;
LE PECQ;78230;443e09aab4880;
FLEURY LES AUBRAIS;45400;4f1e69aab4880;
PONTAULT COMBAULT;77340;49d0a9aab4880;
LEVALLOIS PERRET;92300;4ccbb9aab4880;
NOGENT LE ROI;28210;43af69aab4880;
BEAUCHAMP;95250;4b9039aab4884;
BUSSY ST GEORGES;77600;488f69aab4880;
PARIS 11EME ARRONDISSEMENT;75011;43ef89aab4880;
PARIS 8EME ARRONDISSEMENT;75008;459f89aab4880;
Saint-Fargeau-Ponthierry;77310;4a4039aab4884,4f9547aaa4880;
CHATOU;78400;43de09aab4880;
Paris;75015;4dc029aab4884;
AUVERS ST GEORGES;91580;4c74a9aab4880;
ARPAJON;91290;468da9aab4880;
COURBEVOIE;92400;4cfb722982f80;
GUYANCOURT;78084;471f69aab4880;
CESSON;77240;442f69aab4880;
ST YRIEIX LA PERCHE;87500;4e12432982f80;
MASSY;91300;4df4a9aab4880;
ORGEVAL;78630;417bb9aab4881;
CLAYE SOUILLY;77410;4e0f99aab4880;
GENTILLY;94250;437f59aab4880;
PARIS 11EME ARRONDISSEMENT;75011;491ec9aab4880,4fa87821d4e80;
POMPONNE;77400;427df9aab4880;
Maule;78580;4de029aab4884;
LE KREMLIN BICETRE;94270;4d2bb9aab4880;
paris;75116;48cf69aab4880;
BOULOGNE BILLANCOURT;92100;4f9f89aab4880;
PARIS 15EME ARRONDISSEMENT;75015;4e2f99aab4880;
CHAMPIGNY SUR MARNE;94500;49dda9aab4880;
Domont Cedex;95331;460e09aab4880;
BAGNOLET;93170;47dec9aab4880;
NEUILLY SUR SEINE;92200;4fd989aab4880;
CHAVILLE;92370;4d13d9aab4880;
St-Ouen;93400;45fda9aab4880;
PARIS 14EME ARRONDISSEMENT;75014;403e69aab4881;
PARIS 3EME ARRONDISSEMENT;75003;43df89aab4880;
Saint Leu La Foret;95320;4a9f99aab4880,4981112aa4880;
VILLENEUVE LE COMTE;77174;4d1f99aab4880;
PARIS 17EME ARRONDISSEMENT;75017;481f69aab4880;
Chaville;92370;4ac3d9aab4880;
FONTENAY AUX ROSES;92260;4e7e69aab4880;
Sèvres;92310;44df69aab4880;
LEVALLOIS PERRET;92300;4c9919aab4880;
LE PECQ;78230;4dc3d9aab4880;
PARIS 8EME ARRONDISSEMENT;75008;4d9e69aab4880;
PARIS 9EME ARRONDISSEMENT;75009;4a9fe3a982f80;
Paris la Défense;92079;45a053a982f90,4b4497aaa4880;
Dairy Cottage,Sherborne,GL54 3DW,Cheltenham, Glos. UK;;4ec029aab4884;
PARIS 15EME ARRONDISSEMENT;75015;4fbf89aab4880;
ST CYR L ECOLE;78210;49f3d9aab4880;
L ISLE ADAM;95290;4cc4a9aab4880;
CREPY EN VALOIS;60800;46ee09aab4880;
Paris;75008;447ec9aab4880;
LE RAINCY;93340;4bb3d9aab4880;
LYON 3EME ARRONDISSEMENT;69003;4e21d32982f80;
PARIS;75013;4eebb9aab4880;
Paris;75116;4da029aab4884;
LEVALLOIS PERRET;92300;4ba4a9aab4880;
Paris;75017;44cf69aab4880;
PARIS 17EME ARRONDISSEMENT;75017;4e24a9aab4880;
LE CHESNAY;78150;4d24a9aab4880;
COURBEVOIE;92400;474f89aab4880;
MEUDON;92190;4e4589aab4880;
BOULOGNE BILLANCOURT;92100;457f89aab4880;
Paris;75116;4c84a9aab4880;
NEUILLY SUR SEINE;92200;47c809aab4880,480ec9aab4880;
Paris;75116;49c0a9aab4880,477809aab4880;
SAINT - EGREVE Cedex;38521;43bf69aab4880,4d3d6821d4e80;
VILLEJUIF;94800;4d4bb9aab4880;
VEDENE;84270;49f1c32982f80;
PARIS;75014;4c40a9aab4880;
PARIS 18EME ARRONDISSEMENT;75018;464f69aab4880;
ANNET SUR MARNE;77410;4cf3d9aab4880;
CLICHY SOUS BOIS;93390;4bf063a982f90;
CLICHY SOUS BOIS;93390;4a30a9aab4880;
PARIS 12EME ARRONDISSEMENT;75012;423c19aab4880;
CHATOU;78400;42adf9aab4880;
PARIS 15EME ARRONDISSEMENT;75015;477ec9aab4880;
Fourqueux;78112;4def99aab4880;
LYON 2EME ARRONDISSEMENT;69002;45ef89aab4880;
PARIS 15EME ARRONDISSEMENT;75015;447f89aab4880,4a2c3d21a4e80;
PONTAULT COMBAULT;77340;45dc19aab4880;
Paris;75019;44cda9aab4880;
BOULOGNE BILLANCOURT;92100;4900a9aab4880;
PARIS 19EME ARRONDISSEMENT;75019;4ede79aab4880;
PARIS 15EME ARRONDISSEMENT;75015;4ba589aab4880;
PARIS 15EME ARRONDISSEMENT;75015;410bb9aab4881;
Saint Germain en Laye;78100;45cda9aab4880;
PARIS 7EME ARRONDISSEMENT;75007;4e6bb9aab4880;
LE VAL ST GERMAIN;91530;4b4039aab4884;
MAISONS ALFORT;94700;4b63d9aab4880;
CHATILLON;92320;4bd0b9aab4880;
PARIS 19EME ARRONDISSEMENT;75019;4880a9aab4880;
IGNY;91430;4974a9aab4880;
49,rue Georges Emmanuel,B-5020,FLAWINNE;;4db163a982f90;
saint maur des fossés;94100;456f89aab4880;
Montreuil;93100;4a90a9aab4880;
LES MESNULS;78490;4d64a9aab4880;
PARIS 11EME ARRONDISSEMENT;75011;4ede69aab4880;
PARIS 8EME ARRONDISSEMENT;75008;4c5039aab4884,45a809aab4880;
LINAS;91310;4d99bf23e3e80;
PARIS LA DEFENSE CEDEX;92095;475f69aab4880;
PARIS 9EME ARRONDISSEMENT;75009;433e09aab4880;
PARIS 15EME ARRONDISSEMENT;75015;4de3d9aab4880,4993d9aab4880,43ae09aab4880,4d8039aab4884,463f89aab4880,4f4e79aab4880,4b64a9aab4880,47cf69aab4880,448ec9aab4880,401bb9aab4881,49e0a9aab4880,45ac99aab4880,4c3039aab4884,4bb039aab4884,46ae09aab4880,45de09aab4880,4bc4a9aab4880,40ebb9aab4881,474809aab4880,492ec9aab4880,48d3d9aab4880,4bbf99aab4880,4ce039aab4884,4910a9aab4880,4fde79aab4880,4cd3b9aab4880,4953d9aab4880,4b6589aab4880,47bec9aab4880,4943d9aab4880,4ecf99aab4880,438f59aab4880,497ec9aab4880,402e79aab4881,4c2f99aab4880,4d04a9aab4880,454f89aab4880,4e3029aab4884,478809aab4880,495ec9aab4880;
NANTERRE;92000;460ec9aab4880;
COURBEVOIE;92400;4efe69aab4880;
PARIS 14EME ARRONDISSEMENT;75014;4e6039aab4884;
YERRES;91330;444e09aab4880;
ST PRIX;95390;4c53d9aab4880;
PARIS 11EME ARRONDISSEMENT;75011;4cebc22982f80;
GUYANCOURT;78280;41b999aab4881;
Saint Remy l'Honoré;78690;42ae09aab4880;
Paris;75013;4f2e79aab4880;
Issy les Moulineaux;92130;419ccd21a4e80;
St Jean de Braye;45801;43f24f23e3e80,4b641f23e3e80,47bd8821d4e80;
RUEIL MALMAISON;92500;4b34a9aab4880;
PARIS 18EME ARRONDISSEMENT;75018;489f69aab4880;
BRUNOY;91800;4790a9aab4880;
MOISSY CRAMAYEL;77550;498ec9aab4880;
PARIS;75008;446c99aab4880;
BOULOGNE BILLANCOURT;92100;459f69aab4880;
PARIS;75012;4f6f99aab4880;
PARIS;75012;4ee989aab4880;
Paris;75116;4f2989aab4880;
LA VARENNE ST HILAIRE;94210;4d5bb9aab4880;
Cannes;6150;4cc023a982f90;
BOUGIVAL;78380;465f69aab4880;
PARIS 7EME ARRONDISSEMENT;75007;4ee029aab4884;
NEUILLY SUR SEINE;92200;41f989aab4881;
JUVISY SUR ORGE;91260;4df039aab4884;
Paris;75116;4f7e79aab4880;
VILLE D AVRAY;92410;4904a9aab4880;
ST OUEN;93400;4bcf99aab4880;
LES CLAYES SOUS BOIS;78340;403e79aab4881;
La Celle-Saint-Cloud;78170;458e09aab4880;
PARIS 18EME ARRONDISSEMENT;75018;447f79aab4880;
BRUYERES SUR OISE;95820;4f7ef9aab4880;
PARIS;75010;423e09aab4880;
Paris;75008;46df69aab4880;
PARIS 17EME ARRONDISSEMENT;75017;48fec9aab4880;
SOISY SOUS MONTMORENCY;95230;496083a982f90;
PARIS 2EME ARRONDISSEMENT;75002;49c4a9aab4880;
JOUARRE;77640;4db4a9aab4880;
MEUDON;92360;4ce589aab4880;
NANTERRE;92000;4b93d9aab4880,476b07aaa4880;
VELIZY-VILLACOUBLAY;78147;499589aab4880;
VITRY SUR SEINE;94400;462ec9aab4880;
CAILLY;76690;4eee79aab4880;
Versailles;78000;466ec9aab4880;
PARIS 8EME ARRONDISSEMENT;75008;40fbb9aab4881;
PARIS 14EME ARRONDISSEMENT;75014;400e79aab4881;
Montrouge;92120;4febb9aab4880;
POMPONNE;77400;4ef013a982f90;
CORMEILLES EN PARISIS;95240;4872832982f80;
ST MAX;54130;4e31c32982f80,449ce821d4e80;
RUEIL MALMAISON;92500;4578e9aab4880;
MONTREUIL;93100;4b5f99aab4880;
VALENTON;94460;442f89aab4880;
LA ROCHELLE;17000;4cbf99aab4880;
Paris;75116;47c0a9aab4880;
Paris;75019;432e09aab4880;
IVILLE;27110;449e09aab4880;
SAINTRY SUR SEINE;91250;431989aab4881;
Saint Antoine de Ficalba;47340;4c8033a982f90;
;77420;4901032982f80;
AULNAY SOUS BOIS;93600;4780a9aab4880,4a70a9aab4880,44ef89aab4880;
Thoiry;1710;4cb4a9aab4880;
;6410;43ebb22982f80,4e3667aaa4880,40a457aaa4881;
draveil;91210;4e8bb9aab4880;
PARIS 20EME ARRONDISSEMENT;75020;4ef039aab4884;
MAREIL SUR MAULDRE;78124;4db5a7aaa4880;
ORSAY;91400;4a8039aab4884;
VOISINS LE BRETONNEUX;78960;4cf039aab4884,4d54a9aab4880,4e43d9aab4880,4fdf89aab4880;
Sèvres;92310;4a20a9aab4880;
Paris;75017;47cec9aab4880;
PARIS 17EME ARRONDISSEMENT;75017;4e6f99aab4880;
METZ;57000;4f02432982f80;
Montrouge;92120;43ce09aab4880;
Paris;75020;4ac809aab4880;
CANDILLARGUES;34130;4269a7aaa4881;
MONTROUGE;92120;429c99aab4880;
COURBEVOIE;92400;4b8327aaa4880;
NEUILLY SUR SEINE;92200;4b1f99aab4880;
DEMI QUARTIER;74120;474133a982f90;
PARIS 4EME ARRONDISSEMENT;75004;49d589aab4880;
DIJON;21000;4d8447aaa4880;
ISSY LES MOULINEAUX;92130;4e2bb9aab4880;
PARIS 11EME ARRONDISSEMENT;75011;4cbe69aab4880;
LEVALLOIS PERRET;92300;483f69aab4880;
PARIS 17EME ARRONDISSEMENT;75017;4aef99aab4880,440da9aab4880,478ec9aab4880,4e8f99aab4880,40fe79aab4881,4daf99aab4880,432b922982f81,4c0b722982f80,4dcbb9aab4880,4c2039aab4884,4bb589aab4880,4ccf99aab4880,4940a9aab4880,47df69aab4880,4a43d9aab4880,470e09aab4880,4ae0a9aab4880,4be3d9aab4880,4b6f99aab4880,42ce09aab4880,4bf4a9aab4880,412b822982f81,47a0a9aab4880,4eae79aab4880,4c0b822982f80,47fec9aab4880,47f0a9aab4880,49a0a9aab4880;
PARIS 8EME ARRONDISSEMENT;75008;4800a9aab4880;
Aussurucq;64130;417c07aaa4881;
NOGENT SUR MARNE;94130;4a7589aab4880;
EPINAY SUR SEINE;93800;43be09aab4880;
Flat 5,The Old Police Station, Baker Street,NP75BB,Abergavenny, United Kingdom;;488197aaa4880;
LE KREMLIN BICETRE;94270;454267aaa4880;
paris;75008;45cf69aab4880;
lure;70200;4c80d7aaa4880;
CROSNE;91560;449ec9aab4880,4f8bb9aab4880,48b3d9aab4880;
MAISONS LAFFITTE;78600;407bb9aab4881;
Houdan;78550;4b84a9aab4880,405bf7aaa4881;
HOUDAN;78550;48f327aaa4880,4259c7aaa4880;
GOUSSAINVILLE;95190;4e9919aab4880;
PARIS 14EME ARRONDISSEMENT;75014;4278e9aab4880,482fad21a4e80;
PARIS 14EME ARRONDISSEMENT;75014;4c94a9aab4880;
MEUDON;92190;400bb9aab4881;
MORANGIS;91420;469f69aab4880;
SURESNES;92150;415bb9aab4881;
PARIS 19EME ARRONDISSEMENT;75019;4e0029aab4884;
PARIS 17EME ARRONDISSEMENT;75017;47cc19aab4880;
CHENNEVIERES SUR MARNE;94430;4c5ad7aaa4880;
MARCOUSSIS;91460;45ee09aab4880;
PARIS 4EME ARRONDISSEMENT;75004;4c73d9aab4880;
MELUN;77000;47c197aaa4880,44990821d4e80;
PARIS 16EME ARRONDISSEMENT;75016;4d3e69aab4880;
Suresnes;92150;4c00a9aab4880;
COMPANS;77290;478437aaa4880;
Paris;75116;48f0a9aab4880,435c99aab4880;
Paris;75017;412919aab4881;
PARIS 11EME ARRONDISSEMENT;75011;475c99aab4880;
PARIS;75014;4f0029aab4884;
CARRIERES SOUS POISSY;78955;4bd0c7aaa4880;
Saint-Ouen;93400;434307aaa4880;
PARIS 11EME ARRONDISSEMENT;75011;4ee039aab4884;
PARIS 10EME ARRONDISSEMENT;75010;43a3512aa4880;
paris;75008;478687aaa4880;
LE CHESNAY;78150;44bf69aab4880;
Ferrensac;47330;45f1f7aaa4880,48ecb821d4e80;
PUTEAUX;92800;418537aaa4880;
Rouen;76000;4691a7aaa4880;
3,des pavillons,1205,Genève;;4546f7aaa4880;
POITIERS;86000;4e6e69aab4880;
Paris;75003;495589aab4880;
BONNEUIL SUR MARNE;94380;4f0e79aab4880;
PARIS 2EME ARRONDISSEMENT;75002;4a33d9aab4880;
PARIS;75116;447e09aab4880;
VERSAILLES;78000;438f69aab4880;
CLERMONT FERRAND;63000;466277aaa4880;
PARIS 7EME ARRONDISSEMENT;75007;4b5039aab4884;
Paris;75012;408417aaa4881;
Paris;75008;4e4e69aab4880,4f3f99aab4880;
MORAINVILLIERS;78630;4f8e79aab4880;
REIMS;51100;4fb5a7aaa4880;
Beynes;78650;46af69aab4880;
Paris;75014;4930a9aab4880;
SAVIGNY LE TEMPLE;77176;4c6f99aab4880;
PARIS 15EME ARRONDISSEMENT;75015;4fbbb9aab4880;
CROIX;59170;41b537aaa4880,47cc3821d4e80;
PARIS;75116;4c7bb9aab4880;
PARIS 7EME ARRONDISSEMENT;75007;4b90a9aab4880;
PARIS 14EME ARRONDISSEMENT;75014;4ebe69aab4880;
PARIS;75012;46bf89aab4880;
Pantin;93500;448da9aab4880;
Migné-Auxances;86440;497437aaa4880;
CREVANT LAVEINE;63350;4efa37aaa4880;
BUSSY ST GEORGES;77600;4b94a9aab4880;
PARIS 12EME ARRONDISSEMENT;75012;4b54a9aab4880;
LA CHAUSSEE ST VICTOR;41260;42e9b7aaa4881;
LA CHAUSSEE ST VICTOR;41260;43ef69aab4880;
Paris;75013;49b3d9aab4880;
Paris;75017;4f7f89aab4880;
QUINCY VOISINS;77860;4b9f99aab4880;
UMPEAU;28700;46f197aaa4880;
PARIS 18EME ARRONDISSEMENT;75018;4e1f99aab4880;
PARIS;75014;4e0919aab4880;
PARIS 12EME ARRONDISSEMENT;75012;4e15c7aaa4880;
Paris;75014;486f69aab4880;
PARIS;75005;461e09aab4880;
VILLENEUVE DE BERG;7170;4af437aaa4880;
MONTIGNY LE BRETONNEUX;78180;4a14a9aab4880;
Paris;75015;4eead7aaa4880;
Paris;75014;4c03d9aab4880;
MONTREUIL;93100;453e09aab4880;
Paris;75007;443f79aab4880;
BAGNOLET;93170;4d94a9aab4880;
VILLEJUIF;94800;4cfbb9aab4880;
LE TREMBLAY SUR MAULDRE;78490;409a87aaa4880;
LE HAVRE;76600;430727aaa4880;
MASSY;91300;459e09aab4880;
ELANCOURT;78990;4d9039aab4884;
Paris;75002;46df89aab4880;
Joinville le pont;94340;49e3d9aab4880;
COLLEGIEN;77090;4e8b37aaa4880,476197aaa4880,4682f7aaa4880,470637aaa4880,475637aaa4880,4416b7aaa4880;
paris;75013;4d2039aab4884;
PARIS 4EME ARRONDISSEMENT;75004;4e14a9aab4880;
LES LOGES EN JOSAS;78350;4d23d9aab4880;
Paris;75015;4fef89aab4880;
LA VARENNE ST HILAIRE;94210;4cc3b9aab4880;
PARIS 15EME ARRONDISSEMENT;75015;468f69aab4880;
ANTONY;92160;44cc99aab4880;
FORGES LES EAUX;76440;4bdb47aaa4880,441777aaa4880;
VERNON;27200;49ebe7aaa4880;
ORMESSON SUR MARNE;94490;4189c7aaa4880;
VITRY SUR SEINE;94400;4a6327aaa4880;
PARIS 11EME ARRONDISSEMENT;75011;483f89aab4880;
CHIGNY LES ROSES;51500;4d5c07aaa4880;
PARIS;75017;49c589aab4880;
MONTHERLANT;60790;499ec9aab4880;
PARIS 15EME ARRONDISSEMENT;75015;4a80a9aab4880,4c44a9aab4880;
PARIS 5EME ARRONDISSEMENT;75005;4c4bb9aab4880;
Paris;75017;4ba039aab4884;
Paris;75005;4dce69aab4880;
PARIS 14EME ARRONDISSEMENT;75014;4bb4a9aab4880;
PARIS 19EME ARRONDISSEMENT;75019;4933d9aab4880;
Paris;75116;44eec9aab4880;
ALOXE CORTON;21420;4cc043a982f90;
PARIS;75019;4c54a9aab4880;
VIRY CHATILLON;91170;47e0a9aab4880;
Paris;75001;4e6417aaa4880;
VILLENEUVE LE ROI;94290;45bc19aab4880;
Versailles;78000;41a717aaa4880;
PARIS 18EME ARRONDISSEMENT;75018;4f04f7aaa4880;
PARIS 2EME ARRONDISSEMENT;75002;442f79aab4880;
LE BOURGET;93350;4c14a9aab4880;
Orsay;91400;4f9f99aab4880;
MAINVILLIERS;28300;49a3d9aab4880;
BIEVRES;91570;4b04a9aab4880;
ST MAUR DES FOSSES;94100;4ebe79aab4880;
Paris;75014;43eb2921d4e80;
CHAILLEVETTE;17890;4dbe69aab4880;
ST AUBIN LES ELBEUF;76410;49b589aab4880;
SARTROUVILLE;78500;41abb9aab4881;
Paris;75017;42fdf9aab4880;
BONDY;93140;4920a9aab4880;
NEUILLY SUR MARNE;93330;4faf99aab4880;
PARIS;75005;47b0a9aab4880;
saint léger en yvelines;78610;465ec9aab4880;
Marcousssis;91460;444da9aab4880;
Vincennes;94300;43f8e9aab4880;
PARIS 12EME ARRONDISSEMENT;75012;454e09aab4880;
villeneuve d'ascq;59650;4adf99aab4880;
PARIS 8EME ARRONDISSEMENT;75008;45a809aab4880,4c5039aab4884;
COURTABOEUF CEDEX;91978;4c33d9aab4880;
CRETEIL;94000;43b607aaa4880;
paris;75008;402447aaa4881;
PARIS 17EME ARRONDISSEMENT;75017;422e09aab4880;
Bitche;57230;4e9667aaa4880,c/760022;
Paris;75013;4cabb9aab4880;
PARIS 20EME ARRONDISSEMENT;75020;4ca3b9aab4880;
COURBEVOIE;92400;43fc99aab4880;
JOINVILLE LE PONT;94340;44ca37aaa4880,4bd647aaa4880;
VILLEPINTE;93420;42fa37aaa4880;
MORSANG SUR ORGE;91390;407b87aaa4881,43f977aaa4880;
CHAMPIGNY SUR MARNE;94500;444207aaa4880;
CHATENAY MALABRY;92290;4e23d9aab4880;
ASNIERES SUR SEINE;92600;40f717aaa4880;
Montrouge;92120;477f89aab4880;
Paris;75007;47b147aaa4880;
Paris;75008;4d3d7821d4e80;
PARIS;75008;4e6357aaa4880;
Paris;75116;431467aaa4880;
PARIS 7EME ARRONDISSEMENT;75007;4ab4a9aab4880;
Neuilly sur seine;92200;4d2bb7aaa4880;
GOURNAY SUR MARNE;93460;4c12d7aaa4880;
VIRY CHATILLON;91170;485bb7aaa4880;
Levallois;92300;4e4b87aaa4880;
PARIS 10EME ARRONDISSEMENT;75010;4d6039aab4884;
PARIS 15EME ARRONDISSEMENT;75015;4f48d7aaa4880;
CAGNES-SUR-MER;6800;46c197aaa4880,4e8fb821d4e80;
MORMANT;77720;428999aab4881;
Bretigny;91220;438a37aaa4880;
Paris;75013;476b67aaa4880;
BRIE COMTE ROBERT;77170;41d837aaa4880;
PARIS 15EME ARRONDISSEMENT;75015;4c3f99aab4880;
PARIS 18EME ARRONDISSEMENT;75018;4e9447aaa4880;
PARIS 17EME ARRONDISSEMENT;75017;4e7b87aaa4880;
paris;75016;464b27aaa4880;
SAINT HILARION;78125;47a307aaa4880;
NANTERRE;92000;4f2407aaa4880;
JURANVILLE;45340;4bc437aaa4880;
Le Raincy;93340;4a2b07aaa4880;
SAINT VICTOR SUR ARLANC;43500;46a327aaa4880;
ORGEVAL;78630;435837aaa4880;
ROCHEFORT EN YVELINES;78730;480147aaa4880;
MONTPELLIER;34080;4c0637aaa4880;
LEVALLOIS PERRET;92300;42c837aaa4880;
Issy Les Moulineaux;92130;420917aaa4880;
ST MICHEL SUR ORGE;91240;457257aaa4880;
PARIS 8EME ARRONDISSEMENT;75008;4eac37aaa4880;
PARIS 13EME ARRONDISSEMENT;75013;4ae127aaa4880,462d6821d4e80;
VERNOUILLET;78540;46e327aaa4880,46d167aaa4880,401b37aaa4881;
BUC;78530;47c8d7aaa4880;
LE BOURGET;93350;44f977aaa4880;
PARIS 9EME ARRONDISSEMENT;75009;488a37aaa4880;
PARIS 19EME ARRONDISSEMENT;75019;42e927aaa4881;
SAINT CLOUD CEDEX;92216;4279f7aaa4881;
Paris;75014;45e717aaa4880;
NEUILLY SUR SEINE;92200;4a0307aaa4880;
BOURG LA REINE;92340;4b0a17aaa4880;
VILLE D AVRAY;92410;460a37aaa4880;
NEUILLY SUR SEINE;92200;4e51d7aaa4880;
CHENNEVIERES SUR MARNE;94430;4eea17aaa4880;
VILLEMANDEUR;45700;4a5437aaa4880;
Paris;75017;4d9b87aaa4880;
saint leonard;62206;4438c821d4e80;
PARIS 17EME ARRONDISSEMENT;75017;4ea617aaa4880;
VOISINS LE BRETONNEUX;78960;4f1647aaa4880;
AUBERGENVILLE;78410;45486821d4e80;
VILLERS-ECALLES;76360;46b3f7aaa4880,4ffa87aaa4880;
PARIS 10EME ARRONDISSEMENT;75010;4168a821d4e81;
ANIZY LE CHATEAU;2320;4853b7aaa4880;
NEUILLY SUR SEINE;92200;414a7821d4e81;
CHAMPSERU;28700;4e4d0821d4e80;
PARIS 3EME ARRONDISSEMENT;75003;45bd6821d4e80,4ec6d7aaa4880;
MONTFERMEIL;93370;46491d21a4e80;
paris;75017;4d6af821d4e80;
MANTES LA JOLIE;78200;42f6e821d4e80;
NEUILLY SUR SEINE;92200;4888d821d4e80;
52 Rue Agasse,52 Rue Agasse,1208,Geneve;;4ccd5821d4e80;
L HAY LES ROSES;94240;46c06821d4e84;
ANGOULEME;16000;4840e12aa4880;
Paris;75018;40a827aaa4880,4573c7aaa4880;
MEUDON;92190;4b8f99aab4880;
PARIS 7EME ARRONDISSEMENT;75007;464147aaa4880;
PARIS 8EME ARRONDISSEMENT;75008;4672d7aaa4880,46f247aaa4880;
PARIS 8EME ARRONDISSEMENT;75008;438d17aaa4880;
PARIS 14EME ARRONDISSEMENT;75014;422b57aaa4881;
PARIS;75009;497977aaa4880;
Paris;75008;45a507aaa4880;
LA GARENNE COLOMBES;92250;454507aaa4880;
ST PIERRE DU PERRAY;91280;44c1d7aaa4880,449977aaa4880;
VANVES;92170;450bb22982f80;
CORMEILLES EN PARISIS;95240;45ba37aaa4880;
MONTIGNY SUR LOING;77690;4e41c7aaa4880;
Saint-Cloud;92210;440837aaa4880;
EPINAY SUR ORGE;91360;42a537aaa4880;
Paris;75002;4d6e69aab4880;
Paris;75012;4b5b67aaa4880;
VILLERS ST FRAMBOURG;60810;46f3f7aaa4880;
NEUILLY SUR SEINE;92200;4de919aab4880;
ISSY LES MOULINEAUX;92130;4017c7aaa4881;
Paris;75008;4511d7aaa4880;
PARIS;75002;4cf667aaa4880;
NOISY LE GRAND;93160;401547aaa4881;
Paris;75007;47fb27aaa4880;
Paris;75116;4a9039aab4884;
PARIS;75017;4a6b87aaa4880,4187c7aaa4881,4461e7aaa4880,41aaa7aaa4880;
ST SULPICE;81370;407987aaa4881;
MONTREUIL;93100;4f6b57aaa4880;
PARIS 6EME ARRONDISSEMENT;75006;49f0a9aab4880;
BISSEUIL;51150;4bb237aaa4880;
PARIS 14EME ARRONDISSEMENT;75014;405ba7aaa4881;
Triel sur seine;78510;4e0ba7aaa4880;
FONTENAY-SOUS-BOIS CEDEX;94134;49e8d7aaa4880,4247f7aaa4880;
VERNOUILLET;78540;47e717aaa4880;
PARIS 2EME ARRONDISSEMENT;75002;499127aaa4880;
PARIS 18EME ARRONDISSEMENT;75018;43b507aaa4880;
PARIS;75006;4bab87aaa4880;
Compans;77290;4661e7aaa4880;
saint leu l'esserent;60340;4d47c7aaa4880;
ST ANDRE DE ROQUEPERTUIS;30630;4d15a7aaa4880;
SAINT MAURICE;94410;49b647aaa4880;
LA REMUEE;76430;41cc87aaa4881;
PARIS 9EME ARRONDISSEMENT;75009;4e8e69aab4880;
MANDRES LES ROSES;94520;453b27aaa4880;
PARIS 5EME ARRONDISSEMENT;75005;4a48d7aaa4880;
ORLEANS;45000;41a937aaa4881;
COURBEVOIE;92400;4363612aa4880;
PARIS;75116;4ee237aaa4880;
Paris;75003;450b27aaa4880;
Saint witz;95470;4f9bf7aaa4880;
Durango;48200;4f8637aaa4880;
Le Raincy;93340;411817aaa4881;
9/18,REDUIT DES DOMINICAINS,7500,TOURNAI;;44b4b7aaa4880,477b0821d4e80;
bailly-romainvilliers;77700;4bdb87aaa4880;
LEVALLOIS PERRET;92300;476137aaa4880;
paris;75017;4e47c7aaa4880;
Paris;75007;4bfba7aaa4880;
PARIS;75005;4006f7aaa4881,4be307aaa4880;
CHENOISE;77160;43f717aaa4880;
Paris;75017;44f817aaa4880;
BOULOGNE BILLANCOURT;92100;4d66d7aaa4880;
Le Vesinet;78110;42c9d7aaa4880;
Paris;75016;4057c7aaa4881;
VAUCRESSON;92420;41c999aab4881,49906d21a4e84;
BRUNOY;91800;46d957aaa4880;
Paris;75015;4e4bf7aaa4880;
Villecresnes;94440;402c37aaa4881;
Paris;75008;431b07aaa4880;
PARIS 11EME ARRONDISSEMENT;75011;4ec237aaa4880;
PARIS;75017;481ec9aab4880;
ARLES;13200;4ce497aaa4880;
Paris;75011;43da77aaa4880;
MONTREUIL;93100;4ec8d7aaa4880;
VERNOUILLET;78540;4d8bf7aaa4880,4c0ba7aaa4880;
Paris;75006;4bc2d7aaa4880;
PARIS;75013;426a07aaa4881;
VANVES;92170;4a7237aaa4880;
courbevoie;92400;4f7a87aaa4880;
Gamaches-en-Vexin;27150;452457aaa4880;
Levallois Perret;92300;43a917aaa4880;
PARIS 11EME ARRONDISSEMENT;75011;4681e7aaa4880;
PARIS;75016;4d0237aaa4880;
PARIS 17EME ARRONDISSEMENT;75017;4571d7aaa4880;
PARIS 15EME ARRONDISSEMENT;75015;457467aaa4880;
PARIS 18EME ARRONDISSEMENT;75018;45b977aaa4880;
JACOU;34830;49f137aaa4880;
PARIS 16EME ARRONDISSEMENT;75016;41bc47aaa4881;
Paris;75116;42f457aaa4880;
PARIS;75116;4ab237aaa4880;
SAINT MAUR DES FOSSES;94100;4d0b87aaa4880,4ea507aaa4880;
PARIS 19EME ARRONDISSEMENT;75019;4c0307aaa4880;
PARIS 17EME ARRONDISSEMENT;75017;4cc137aaa4880;
PARIS 17EME ARRONDISSEMENT;75017;44a947aaa4880;
Paris;75008;487a37aaa4880;
VILLENNES SUR SEINE;78670;4a7127aaa4880;
Nanterre;92000;41c4c7aaa4880;
paris;75009;4f4ba7aaa4880;
PARIS;75018;496147aaa4880;
NEUILLY SUR SEINE;92200;49e507aaa4880;
Paris;75017;4ee1d7aaa4880;
PARIS 13EME ARRONDISSEMENT;75013;4552f7aaa4880;
GARCHES;92380;457b07aaa4880;
PARIS 16EME ARRONDISSEMENT;75016;4e0817aaa4880;
PARIS 9EME ARRONDISSEMENT;75009;443607aaa4880;
AUBERVILLIERS;93300;4b4397aaa4880;
LE BOURGET;93350;4c6a17aaa4880;
ALFORTVILLE;94140;4306b7aaa4880;
Guyancourt;78084;430917aaa4880,447977aaa4880,442837aaa4880;
BEAUCHAMP;95250;4ad857aaa4880;
PARIS;75020;41891821d4e81;
PARIS;75017;4018d7aaa4881;
PARIS 18EME ARRONDISSEMENT;75018;418a17aaa4881;
PARIS 15EME ARRONDISSEMENT;75015;46ce09aab4880;
PARIS;75006;40fba7aaa4881;
PARIS 11EME ARRONDISSEMENT;75011;4a9b87aaa4880;
paris;75014;4773f7aaa4880;
Paris;75116;48e717aaa4880;
Schopfheim;79650;4963b7aaa4880;
MAULE;78580;47f717aaa4880;
SURESNES;92150;46fce7aaa4880;
Paris;75009;47e367aaa4880;
PARIS;75017;4d71c7aaa4880;
VERNEUIL SUR SEINE;78480;4ffa17aaa4880;
Paris;75014;4842d7aaa4880;
PARIS 14EME ARRONDISSEMENT;75014;42e457aaa4880;
PARIS 2EME ARRONDISSEMENT;75002;4f0647aaa4880;
HUMBERCAMPS;62158;425c47aaa4881;
MEUDON;92190;436607aaa4880;
PARIS;75013;439377aaa4880;
IVRY SUR SEINE;94200;42ab27aaa4880;
EPINAY SUR SEINE;93800;4f1a17aaa4880;
PARIS 17EME ARRONDISSEMENT;75017;40fb07aaa4880;
PAULHAN;34230;4b4137aaa4880;
Fleury les Aubrais;45400;47f4012aa4880,4005a12aa4881,4458d821d4e80,41e86821d4e80;
Paris;75004;4c2ba7aaa4880;
PARIS 7EME ARRONDISSEMENT;75007;4da617aaa4880;
DRANCY;93700;43ab27aaa4880;
PARIS;75010;428b47aaa4881;
Paris;75013;409837aaa4880;
SAINT BONNET PRES RIOM;63200;4d477821d4e80;
EXCENEVEX;74140;4df357aaa4880;
ST BERON;73520;422b1821d4e80;
PARIS 7EME ARRONDISSEMENT;75007;46da37aaa4880;
HEROUVILLE ST CLAIR;14200;48e077aaa4880;
PARIS 11EME ARRONDISSEMENT;75011;47e467aaa4880;
Suresnes;92150;486147aaa4880;
VILLECRESNES;94440;431657aaa4880;
LE BOUSCAT;33110;4b9587aaa4880;
PARIS 6EME ARRONDISSEMENT;75006;471307aaa4880;
Paris;75008;420847aaa4880;
ROQUEFORT LES PINS;6330;4f3f8821d4e80;
Paris;75018;4858d7aaa4880;
PARIS 20EME ARRONDISSEMENT;75020;4a4247aaa4880;
SEVRAN;93270;497bb7aaa4880;
Toulouse;31200;423c8821d4e80;
LEGUEVIN;31490;4f5f8821d4e80;
FOLLAINVILLE DENNEMONT;78520;47a507aaa4880;
LISSES;91090;406817aaa4881;
paris;75017;408b47aaa4881;
Paris;75116;4e8547aaa4880;
PARIS;75018;416b47aaa4881;
ST SORLIN EN BUGEY;1150;447727aaa4880;
PARIS 10EME ARRONDISSEMENT;75010;447837aaa4880;
75,Steenweg op Oosthoven,2300,Turnhout;;460147aaa4880;
PARIS 7EME ARRONDISSEMENT;75007;46db67aaa4880,4beaa921d4e80;
BOULOGNE BILLANCOURT;92100;4eb589aab4880;
LES ULIS;91940;4c8c4821d4e80;
EYRAGUES;13630;4d5bb821d4e80;
PARIS;75005;42c507aaa4880;
Chantilly;60500;41db07aaa4880;
PARIS 20EME ARRONDISSEMENT;75020;4b0b07aaa4880;
BAGNOLET;93170;41cb27aaa4880;
GARCHES;92380;4b4307aaa4880;
VILLEJUIF;94800;459b17aaa4880;
izeaux;38140;4e5c37aaa4880,451c1821d4e80;
RUEIL MALMAISON;92500;41daa7aaa4880;
LEVALLOIS PERRET;92300;44a1e7aaa4880;
NEUILLY SUR SEINE;92200;46fb07aaa4880;
PARIS 16EME ARRONDISSEMENT;75016;40a937aaa4881;
Paris;75016;4ce127aaa4880;
PARIS;75010;43a837aaa4880;
MAREIL MARLY;78750;446977aaa4880;
Roubaix;59100;40688821d4e81;
PARIS 12EME ARRONDISSEMENT;75012;4c9507aaa4880;
SAULX LES CHARTREUX;91160;4eb617aaa4880;
PARIS 17EME ARRONDISSEMENT;75017;402747aaa4881;
PARIS 15EME ARRONDISSEMENT;75015;449a97aaa4880,45ad4921d4e80,492ded21a4e80;
PARIS 17EME ARRONDISSEMENT;75017;4347f7aaa4880;
ST MICHEL SUR ORGE;91240;40fa77aaa4880;
PARIS 17EME ARRONDISSEMENT;75017;48e8b821d4e80;
VERRIERES LE BUISSON;91370;4db647aaa4880;
LA SICAUDAIS;44320;4124e7aaa4881;
PARIS;75017;426b27aaa4880;
BOULOGNE BILLANCOURT;92100;454b27aaa4880;
SAULX LES CHARTREUX;91160;40b90821d4e81;
TRIE CHATEAU;60590;406b47aaa4881;
BAGNOLET;93170;4d2357aaa4880;
MAISONS LAFFITTE;78600;45f3c7aaa4880;
JUVISY SUR ORGE;91260;419847aaa4880;
GUIBEVILLE;91630;4b1237aaa4880;
CLAMART;92140;479b07aaa4880;
COURBEVOIE;92400;4e547f23e3e80,401d7821d4e81;
PARIS 14EME ARRONDISSEMENT;75014;474b67aaa4880;
COURBEVOIE;92400;430c8821d4e80;
LES PONTS DE CE;49130;4b58b821d4e80;
BOIS COLOMBES;92270;4b3589aab4880;
saint germain en laye;78100;4e26f7aaa4880;
PARIS 3EME ARRONDISSEMENT;75003;423c47aaa4881;
Noisy le grand;93160;47992821d4e80;
CLICHY;92110;454467aaa4880;
Paris;75007;4b2a97aaa4880;
PARIS 17EME ARRONDISSEMENT;75017;44a837aaa4880;
PARIS 13EME ARRONDISSEMENT;75013;4b3b67aaa4880;
PARIS 7EME ARRONDISSEMENT;75007;4d5a17aaa4880;
MONTROUGE;92120;4c82d7aaa4880;
Paris;75007;427e09aab4880;
SOISY SOUS MONTMORENCY;95230;4f5bf7aaa4880;
PARIS 2EME ARRONDISSEMENT;75002;4a4b67aaa4880;
PARIS 13EME ARRONDISSEMENT;75013;48d507aaa4880;
BOULOGNE BILLANCOURT;92100;4c1307aaa4880;
LA FERRIERE;85280;4c292821d4e80;
Magnanville;78200;4b6b07aaa4880;
Paris;75017;4ef747aaa4880;
MONTBRUN BOCAGE;31310;4c2aa821d4e80;
Paris;75007;425aa7aaa4880;
COURBEVOIE;92400;4ee357aaa4880;
Paris;75008;44c607aaa4880;
PARIS;75017;4107f7aaa4880;
Paris;75001;401a17aaa4881;
Paris;75017;426b47aaa4881;
PARIS 13EME ARRONDISSEMENT;75013;431b27aaa4880;
EPINAY SUR SEINE;93800;4a1b5821d4e80;
SENLIS;60300;419817aaa4881;
VILLEPREUX;78450;4ef307aaa4880;
LE PUY EN VELAY;43000;43ec7821d4e80;
Neuilly sur Seine;92200;42d457aaa4880,4c48d7aaa4880;
WISSOUS;91320;4aabb7aaa4880;
PARIS 7EME ARRONDISSEMENT;75007;4b73d9aab4880;
ISSY LES MOULINEAUX;92130;4a3b07aaa4880;
VILLEMOISSON SUR ORGE;91360;4df1c7aaa4880;
Paris;75116;4f2647aaa4880;
PARIS 4EME ARRONDISSEMENT;75004;424b07aaa4880;
PARIS 10EME ARRONDISSEMENT;75010;42b837aaa4880;
PARIS 15EME ARRONDISSEMENT;75015;4c11c7aaa4880;
Paris;75116;43e6a7aaa4880,410677aaa4880,410c57aaa4881,48da37aaa4880,4e28d7aaa4880,42f817aaa4880,4d0357aaa4880,49ba97aaa4880,4c7397aaa4880,44f1d7aaa4880,47aae821d4e80,42d8f821d4e81,435d1821d4e80,43ac7821d4e80,40da4821d4e80;
NOTRE DAME D OE;37390;42e8e821d4e80;
ARGENTEUIL;95100;4c4307aaa4880;
Houilles;78800;464cd821d4e80;
PARIS 05;75005;4c3bb7aaa4880;
SCEAUX;92330;46ed1821d4e80;
PARIS;75019;4e2ba7aaa4880;
CENON SUR VIENNE;86530;4670d821d4e84;
ISSY;92130;4b50a9aab4880;
PARIS 18EME ARRONDISSEMENT;75018;425747aaa4881;
Villeurbanne;69100;4556f7aaa4880;
PARIS 2EME ARRONDISSEMENT;75002;430507aaa4880;
L HAY LES ROSES;94240;494d1821d4e80;
ARGENTEUIL;95100;466f8821d4e80,49c05821d4e84;
Paris;75008;426937aaa4881;
NOISY LE GRAND;93160;420b27aaa4880;
CESSON;77240;48a307aaa4880,46b977aaa4880;
ST JEAN D ILLAC;33127;4c1b4821d4e80;
VIGNEUX-SUR-SEINE;91270;4adb07aaa4880;
Saint Barthélemy d'Anjou;49124;4650e821d4e84;
MONTPELLIER;34000;4c490821d4e80;
PARIS 17EME ARRONDISSEMENT;75017;4c0b07aaa4880;
SAINT LEU LA FORET;95320;4d409821d4e84;
HENOUVILLE;76840;41ebb821d4e81;
Paris;75018;474137aaa4880;
METZ;57070;41a6b7aaa4880;
Eaubonne;95600;459817aaa4880,4880f7aaa4880;
ST MARTIN D HERES;38400;495cd821d4e80;
Maisons-Alfort;94700;41da77aaa4880;
CHAMBOURCY;78240;4bf87821d4e80;
QUIMPERLE;29300;48ff8821d4e80;
CAluire;69300;44baa821d4e80;
Lure;70200;41d89821d4e81;
ISTRES;13800;4970e821d4e84;
0RVAULT;44700;4558e821d4e80;
GENAS;69740;462687aaa4880;
LE PRE ST GERVAIS;93310;45bb27aaa4880;
La Roche Posay;86270;4d1d7821d4e80;
38,College Fields,CB4 1YZ,Cambridge;;42c997aaa4881;
LYON 5EME ARRONDISSEMENT;69005;41dc8821d4e80;
LEVALLOIS PERRET;92300;41388821d4e81;
hoffen;67250;44b89821d4e80;
Paris;75016;4f5b6821d4e80;
TOURS;37000;4de8b821d4e80;
Saint-Pierre-Les-Etieux;18210;4a792821d4e80;
Leudon En Brie;77320;41988821d4e80;
PARIS 15EME ARRONDISSEMENT;75015;4f5a87aaa4880;
ORVAULT;44700;4b977821d4e80;
SAULZET;3800;465b0821d4e80;
9,Dora-Staudinger,8046,Zürich;;43c4b7aaa4880;
SERIGNAN DU COMTAT;84830;40687821d4e81;
CHARENTON LE PONT;94220;4d9647aaa4880;
COURBEVOIE;92400;4373712aa4880,43f3512aa4880,4651012aa4880,4bf5a12aa4880,4a55a12aa4880,4517312aa4880,4874f12aa4880,4097312aa4880,49f5a12aa4880,49e1112aa4880,4393512aa4880,4462612aa4880,47b4f12aa4880,4a64f12aa4880,47c2612aa4880,4e35312aa4880,4387312aa4880,4333712aa4880,49c5a12aa4880,4f65312aa4880,47e1a32982f80,4c34f12aa4880,4642612aa4880,427a912aa4881,4641112aa4880,4593612aa4880,4750c3a982f90,4982612aa4880,48e637aaa4880,48386821d4e80,422c5821d4e81;
Bures sur Yvette;91440;4125f7aaa4880;
paris;75008;41a747aaa4881;
PARIS 15EME ARRONDISSEMENT;75015;446507aaa4880;
PARIS 8EME ARRONDISSEMENT;75008;488307aaa4880;
paris;75020;4a0507aaa4880,478ab921d4e80;
BRIIS SOUS FORGES;91640;4c588821d4e80;
Sannois;95110;43f6f821d4e80;
BUSSIERES;42510;41cb3821d4e80;
Paris;75006;42ba8821d4e81;
Saint-Pierre d'Aurillac;33490;4bc0d32982f80;
EPINAY SUR SEINE;93800;4e1ba821d4e80;
Paris;75015;4b4127aaa4880;
PARIS;75017;41c927aaa4881;
1,Whitewood Lane,sy147dl,Malpas;;4ae05821d4e84;
Paris;75018;437607aaa4880;
ST VAURY;23320;403c4821d4e81;
paris;50111;4dd8a821d4e80;
Brest;29200;412c5821d4e81;
PARIS 16EME ARRONDISSEMENT;75016;418a07aaa4881;
PARIS 8EME ARRONDISSEMENT;75008;4417f7aaa4880;
LANNION;22300;4fc747aaa4880;
PARIS 14EME ARRONDISSEMENT;75014;428607aaa4881;
NEUILLY SUR SEINE;92200;404c07aaa4881;
Monaco;98000;4be88821d4e80;
PRUNAY SUR ESSONNE;91720;4b7687aaa4880;
Paris;75116;4750d821d4e84;
ANDEVILLE;60570;49a947aaa4880;
BOBIGNY;93000;4e9ba821d4e80,465d5821d4e80;
Brno;63400;4bfd5821d4e80;
MAISONS LAFFITTE;78600;418c47aaa4881;
LE PUY EN VELAY;43000;417c47aaa4881;
LAGNY SUR MARNE;77400;432927aaa4881;
MONTREUIL;93100;4cd307aaa4880;
Vauhallan;91430;4a08b821d4e80;
Fragnes;71530;442287aaa4880;
ISSY LES MOULINEAUX;92130;4cb7c7aaa4880;
Paris;75017;4bb92821d4e80;
PARIS;75017;4742d7aaa4880;
MONTAUROUX;83440;443d5821d4e80;
Paris;75018;4a98d7aaa4880;
PARIS 6EME ARRONDISSEMENT;75006;41b747aaa4881;
Paris;75015;471717aaa4880;
PARIS 10EME ARRONDISSEMENT;75010;4f1747aaa4880;
LA CELLE ST CLOUD;78170;4882d7aaa4880;
LES CONTAMINES MONTJOIE;74170;42e6e821d4e80;
ISSY LES MOULINEAUX;92130;4c9127aaa4880;
anglards de saint-flour;15100;4068f821d4e81;
PONT STE MARIE;10150;48b07821d4e84;
PARIS;75014;4cf397aaa4880;
PARIS 3EME ARRONDISSEMENT;75003;439a37aaa4880;
BAZENS;47130;46986821d4e80;
HOULBEC COCHEREL;27120;4de917aaa4880;
villeneuve loubet;6270;4ed8b821d4e80;
OFFRANVILLE;76550;417c5821d4e81;
LEVIS ST NOM;78320;4af507aaa4880;
Paris;75116;4d2817aaa4880;
Saint michel sur orge;91240;4baef9aab4880;
Paris;75009;404bf7aaa4881;
Paris;75012;4f7237aaa4880;
NOISY LE SEC;93130;414677aaa4880,43e7f7aaa4880;
Hamburg;22547;4f0f8821d4e80;
TRIQUERVILLE;76170;4477312aa4880;
PARIS 15EME ARRONDISSEMENT;75015;429a77aaa4880;
FONTAINES LES DIJON;21121;4758c821d4e80;
MONTARGIS;45200;4d80e821d4e84;
Paris;75020;4ef647aaa4880,44a467aaa4880;
PARIS 8EME ARRONDISSEMENT;75008;4d7ba7aaa4880;
CHATOU;78400;414a77aaa4880;
TOULOUSE;31200;45cf8821d4e80;
GARGENVILLE;78440;4b3647aaa4880;
COURBEVOIE;92400;473467aaa4880;
PORTET SUR GARONNE;31120;441d5821d4e80;
PARIS 17EME ARRONDISSEMENT;75017;405617aaa4881;
COURTEUIL;60300;47fb3821d4e80;
Cachan;94230;469b07aaa4880;
VILLEJUIF;94800;494317aaa4880;
OYE PLAGE;62215;4a9137aaa4880;
BUSSY-SAINT-GEORGES;77600;4f5b1821d4e80,4c1b8821d4e80;
PARIS;75015;49fbb7aaa4880;
ECQUEVILLY;78920;4c37c7aaa4880;
AIZENAY;85190;4a6e3821d4e80;
9,rue des Gentianes,3963,Crans-Montana;;435d5821d4e80;
PARIS 16EME ARRONDISSEMENT;75016;403b87aaa4881;
PARIS 14EME ARRONDISSEMENT;75014;4928b821d4e80;
PARIS 17EME ARRONDISSEMENT;75017;41fa5821d4e81;
MONTFERRAT;38620;4d390821d4e80;
PARIS 18EME ARRONDISSEMENT;75018;4f26f7aaa4880;
Wiesloch;69168;4b3c7821d4e80;
GRENOBLE;38100;43390821d4e80;
TRIEL SUR SEINE;78510;4c7d5821d4e80;
PARIS 16EME ARRONDISSEMENT;75016;461ce7aaa4880;
PARIS 3EME ARRONDISSEMENT;75003;488717aaa4880;
MONTMORENCY;95160;4b18d7aaa4880;
CLAMART;92140;43f957aaa4880;
59,Quai St Leonard,4000,Liege;;449207aaa4880;
Schonach;78136;407ba821d4e81;
BOULOGNE BILLANCOURT;92100;4a6307aaa4880;
GRENOBLE;38000;482af821d4e80;
NEUILLY SUR SEINE;92200;4fb817aaa4880;
FREULLEVILLE;76510;4aa08821d4e84;
FERCE SUR SARTHE;72430;4a50e821d4e84;
PARIS 14EME ARRONDISSEMENT;75014;4b1647aaa4880;
HUMBERCAMPS;62158;4e4b8821d4e80;
PARIS;75116;45f307aaa4880;
VELIZY VILLACOUBLAY;78457;437a97aaa4880,459507aaa4880,4bfb07aaa4880,4b0547aaa4880,457247aaa4880;
PARIS 12EME ARRONDISSEMENT;75012;401c47aaa4881;
VILLEMOISSON SUR ORGE;91360;400f6821d4e81,49dd7821d4e80;
LOUVECIENNES;78430;40d357aaa4881,4c0f6821d4e80;
Paris;75116;438817aaa4880;
neuvilly;59360;4d8af821d4e80;
LA BAULE ESCOUBLAC;44500;4602f7aaa4880;
PARIS 12EME ARRONDISSEMENT;75012;48e397aaa4880,404937aaa4881,4f68d7aaa4880,4a0b67aaa4880,4aaa97aaa4880,42b8d7aaa4881;
LEVALLOIS PERRET;92300;4d4237aaa4880;
9,chemin des pussines,1867,ollon;;4558d821d4e80;
PARIS 15EME ARRONDISSEMENT;75015;4ecba7aaa4880;
9,domaine schmiseleck,3373,Leudelange;;4e109821d4e84;
PARIS 15EME ARRONDISSEMENT;75015;416aa7aaa4880;
VINCENNES;94300;4b1127aaa4880;
Paris;75007;457a37aaa4880;
PARIS;75011;43c387aaa4880;
PARIS 11EME ARRONDISSEMENT;75011;4c308821d4e84;
FRANCONVILLE;95130;4da747aaa4880;
EPREVILLE;76400;46fb0821d4e80;
PINEY;10220;47c0e821d4e84;
BRY SUR MARNE;94360;4531e7aaa4880;
Fontenay le comte;85200;46e1f7aaa4880;
FLOIRAC;33270;4d5ce821d4e80;
PARIS 1ER ARRONDISSEMENT;75001;416cd821d4e80,418b8821d4e81,49612821d4e84;
PARIS 15EME ARRONDISSEMENT;75015;4f6bb9aab4880;
CHOISY LE ROI;94600;4129d7aaa4880;
PARIS 3EME ARRONDISSEMENT;75003;463147aaa4880;
PARIS 8EME ARRONDISSEMENT;75008;417a77aaa4880;
PARIS 11EME ARRONDISSEMENT;75011;4a9b07aaa4880;
Villard de Lans;38250;48cd6821d4e80;
RUEIL MALMAISON;92500;46fa97aaa4880;
CLENAY;21490;479d6821d4e80;
MESNIERES EN BRAY;76270;4e6ce821d4e80;
Paris;75004;477a97aaa4880;
GOURNAY SUR MARNE;93460;4e8a17aaa4880;
GRENOBLE cedex 01;38031;4faba821d4e80,47986821d4e80,401cb821d4e81;
CLAMART;92140;414847aaa4880;
Rossroe,Cashel, Connemara,H91V20K,Co.Galway;;;485b3821d4e80
paris;75017;4b9bb7aaa4880;
GUYANCOURT;78280;4b9b3821d4e80;
PUTEAUX;92800;411b07aaa4880;
MONTAGNY SUR GROSNE;71520;4a307821d4e84;
Charnècles;38140;4d2af821d4e80;
HARDELOT PLAGE;62152;4e8c07aaa4880;
VOISSANT;38620;4cec7821d4e80;
PARIS 17EME ARRONDISSEMENT;75017;44f687aaa4880,4621e7aaa4880;
Saint Cloud;92210;434b07aaa4880;
ARGENTEUIL;95100;4bb547aaa4880;
Paris;75016;4a4b6821d4e80,4d577821d4e80;
PORTES LES VALENCE;26800;4e0b6821d4e80;
PARIS 8EME ARRONDISSEMENT;75008;4ceb07aaa4880;
paris;75017;41fb47aaa4881;
BEAUVAIS Cedex;60004;41587821d4e80;
Sainte-marie-au-bosc;76280;470ba7aaa4880;
PARIS 7EME ARRONDISSEMENT;75007;482977aaa4880;
Niederhergheim;68127;4a9ab821d4e80;
ST GELY DU FESC;34980;4e18a821d4e80;
PARIS 8EME ARRONDISSEMENT;75008;425817aaa4880;
LE MANS;72000;4add1821d4e80;
GRENOBLE;38000;49ac7821d4e80;
st aubin routot;76430;4267312aa4880;
BONS EN CHABLAIS;74890;4f6c4821d4e80;
PARIS 19EME ARRONDISSEMENT;75019;455e09aab4880;
PARIS;75017;40a7f7aaa4880,4da397aaa4880;
MONTLIGNON;95680;480b5821d4e80;
PARIS 7EME ARRONDISSEMENT;75007;4a24a9aab4880;
LA ROCHELLE;17000;4f3447aaa4880;
LE HAVRE;76600;42b3712aa4880;
BEAUMONT LE ROGER;27170;42ba07aaa4881;
PENNAUTIER;11610;4afa9821d4e80;
MUIZON;51140;4f2f5821d4e80;
YERMENONVILLE;28130;442917aaa4880;
PARIS 2EME ARRONDISSEMENT;75002;4e76f7aaa4880;
IVRY SUR SEINE;94200;46c387aaa4880,4d3237aaa4880,4d4a17aaa4880,495a1821d4e80,4f1ce821d4e80,4e7c7821d4e80,4d68d821d4e80,4ca8d821d4e80,40597d21a4e81,4c5aa921d4e80;
Paris;75003;4743f7aaa4880;
SANCY;77580;4b4547aaa4880;
ST SULPICE;81370;4146d7aaa4880;
PARIS;75016;460977aaa4880;
Paris;75007;41e847aaa4880;
CHATOU;78400;4c3547aaa4880;
Joué les Tours;37300;46ac7821d4e80;
PARIS 6EME ARRONDISSEMENT;75006;407ba7aaa4881;
7,Windleweg,CH-5235,RUEFENACH;;;45a8e821d4e80
SOTTEVILLE SOUS LE VAL;76410;47007821d4e84;
BIVIERS;38330;483d6821d4e80;
PARIS 8EME ARRONDISSEMENT;75008;4821e7aaa4880;
AUBEVOYE;27940;4a0f8821d4e80,4b8f8821d4e80;
La Tronche;38700;4f9d0821d4e80,4818c821d4e80;
Paris;75017;44f467aaa4880;
Göllheim;67307;43fae821d4e80;
ST SYMPHORIEN D OZON;69360;44a8c821d4e80,48ab5821d4e80;
VILLIERS SUR MARNE;94350;46e05821d4e84,45f8b821d4e80,43ac8d21a4e80;
43,LONGLEY ROAD,HA1 4TG,LONOD;;;486b5821d4e80
8,rue de la Faïencerie,1227,Carouge;;;4e8b1821d4e80
Ste Foy D'aigrefeuille;31570;4288e821d4e80;
ANGERVILLE;91670;43fcd821d4e80;
BRIGNOLES;83170;4ff8a821d4e80;
MONS EN MONTOIS;77520;45f06821d4e84;
POISSY;78300;4077c7aaa4881,444607aaa4880,40f90821d4e81,41191821d4e81;
PARIS 10EME ARRONDISSEMENT;75010;47a8b821d4e80;
PARIS 2EME ARRONDISSEMENT;75002;4f0d0821d4e80;
PARIS 11EME ARRONDISSEMENT;75011;4888c821d4e80;
BISCARROSSE PLAGE;40600;47ecd821d4e80,4d30f821d4e84;
LE PLESSIS ROBINSON;92350;4c7183a982f90;
VITRY SUR SEINE;94400;4c1bb7aaa4880;
GRATENTOUR;31150;45b8c7aaa4880;
GUEBWILLER;68500;462cd821d4e80;
NEUILLY SUR SEINE;92200;4dd6f7aaa4880,47207d21a4e84;
PARIS 7EME ARRONDISSEMENT;75007;438d0821d4e80;
PARIS;75116;4623c7aaa4880;
Saint maur des fossés;94100;496db821d4e80;
PARIS;75011;434cf821d4e80;
PARIS;75011;4768e821d4e80;
EPINOUZE;26210;48c86821d4e80;
PARIS;75011;486c7821d4e80;
LA CELLE ST CLOUD;78170;4858d821d4e80;
2,route de goyne,24 120,la feuillade;;;4cd90821d4e80
PARIS 17EME ARRONDISSEMENT;75017;41cd4821d4e80;
NEUILLY SUR SEINE;92200;408a37aaa4881;
CONFLANS STE HONORINE;78700;4e1b8821d4e80;
PARIS 7EME ARRONDISSEMENT;75007;462ae821d4e80;
Paris;75017;48acb821d4e80;
Toulouse;31000;4b6b0821d4e80;
MALAKOFF;92240;4c0bb7aaa4880;
BOULOGNE BILLANCOURT;92100;47cd1821d4e80;
LEVALLOIS PERRET;92300;4cb307aaa4880;
Villemoirieu;38460;4eacb821d4e80;
GODERVILLE;76110;410b4821d4e80;
Maisons-Alfort;94700;4b04f12aa4880;
PARIS 17EME ARRONDISSEMENT;75017;461b27aaa4880;
Paris;75007;482a37aaa4880;
PELTRE;57245;41ec5821d4e81;
Paris;75016;43f90821d4e80;
ACHERES;78260;43e86821d4e80;
Grenoble;38000;4f691821d4e80;
BOULOGNE BILLANCOURT;92100;4baf99aab4880;
SOISY SOUS MONTMORENCY;95230;493f8821d4e80;
LEVALLOIS PERRET;92300;43290821d4e81,4e0c4821d4e80;
BRIGNANCOURT;95640;4bfd6821d4e80;
Montsoult;95560;425ba821d4e81;
FREJUS;83600;4c28b821d4e80;
PARIS;75015;4740e821d4e84;
LA FRENAYE;76170;4d88d821d4e80;
ZI REFFYE,rue du professeur roux,88 000,EPINAL;;;4245b7aaa4880
PARIS 8EME ARRONDISSEMENT;75008;4f9a9821d4e80;
PARIS;75116;48be3821d4e80;
Boulogne Billancourt;92100;4c4d7821d4e80;
PARIS 17EME ARRONDISSEMENT;75017;462db821d4e80;
PARIS 20EME ARRONDISSEMENT;75020;4790e821d4e84;
SENLIS;60300;40e90821d4e80;
PALADRU;38850;4fdc4821d4e80;
PARIS 17EME ARRONDISSEMENT;75017;417c4821d4e81;
PARIS 14EME ARRONDISSEMENT;75014;441b1821d4e80;
MANOSQUE;4100;4bbc7821d4e80;
Saint germain en laye;78100;423a5821d4e81;
Saint Jean de Braye Cedex;45801;4d7917aaa4880,4ced7821d4e80;
Saugnacq-et-Muret;40410;4fac5821d4e80;
VILLEPINTE;93420;46fd1821d4e80;
POISSY;78300;4e087821d4e80;
St-André-de-Roquelongue;11200;40e89821d4e80;
Sauvian;34410;47706821d4e84;
VANVES;92170;41787821d4e80,4c9bb821d4e80;
26,rue Albert Einstein,4445,Belvaux;;;4ffb8821d4e80
PARIS;75116;422617aaa4881;
ANTONY;92160;43090821d4e81;
VOIRON;38500;42c91821d4e81;
EZE;6360;49b87821d4e80;
LYON;90003;4f2b6821d4e80;
AUBERVILLIERS;93300;4c1137aaa4880;
PARIS 2EME ARRONDISSEMENT;75002;417607aaa4880;
ASNIERES SUR SEINE;92600;49eb3821d4e80;
p;75007;4c2817aaa4880;
Quincy-Voisins;77860;4d8917aaa4880;
HOUILLES;78800;47b8e821d4e80;
Paris;75006;437467aaa4880;
CHATENAY MALABRY;92290;42d7f7aaa4880;
MAZAMET;81206;4cd0e821d4e84;
CHAVILLE;92370;485d7821d4e80;
BAR LE DUC;55000;4d98a821d4e80;
paris;75016;49d12821d4e84;
HOUILLES;78800;4f2bb821d4e80;
LIMEIL BREVANNES;94450;41dd1821d4e80;
ST OUEN L AUMONE;95310;48a06821d4e84;
PERRUSSON;37600;43a5b7aaa4880;
orléans;45000;408bb821d4e81;
BOURG ST ANDEOL;7700;4d8b37aaa4880;
SURESNES;92150;4dfbc821d4e80;
GORGES;44190;41e91821d4e81;
SIN LE NOBLE;59450;493ec9aab4880;
VOUNEUIL SOUS BIARD;86580;4e8a1821d4e80;
PARIS;75006;4efb8821d4e80;
PRIAY;1160;4c7a37aaa4880;
PARIS;75017;4d4c3821d4e80;
PARIS 5EME ARRONDISSEMENT;75005;4bf8d821d4e80;
Orsay;91400;4ac127aaa4880;
Paris;75017;4698e821d4e80;
LE CANNET DES MAURES;83340;424ae821d4e80;
Paris;75008;4d3ba821d4e80;
ATHIS MONS;91200;4c3b6821d4e80;
Feucherolles;78810;4d7f8821d4e80;
VENISSIEUX;69200;46d0e821d4e84;
les lilas;93260;462d5821d4e80;
VERSAILLES;78000;4a7c3821d4e80;
CHATILLON;92320;42a87821d4e81;
LONGUEIL ANNEL;60150;4c9d6821d4e80,4bafa821d4e80;
CHAVILLE;92370;4dcc3821d4e80;
Chatillon;92320;42da4821d4e80;
BRIE COMTE ROBERT;77170;41d837aaa4880;
GIF SUR YVETTE;91190;4b48a821d4e80;
PARIS 13EME ARRONDISSEMENT;75013;45bd5821d4e80;
PARIS 17EME ARRONDISSEMENT;75017;454dad21a4e80;
34,Sycamore road,Tf125qg,Telford;;;43cce821d4e80
Essises;2570;414a6821d4e81;
paris;75008;478b0821d4e80,46a8b821d4e80,4d0f8821d4e80,463b5821d4e80;
CHARTRES;28000;48691821d4e80;
PARIS 16EME ARRONDISSEMENT;75016;47ed6821d4e80;
ARGENTEUIL;95100;4dfb87aaa4880;
Beaufort sur Gervanne;26400;4b5b4821d4e80;
ATHIS MONS;91200;4b8d6821d4e80;
nimes;30000;4772f7aaa4880,4e2b37aaa4880;
LESCHES;77450;41190821d4e81;
CHELLES;77500;4bcaa821d4e80,4b5a1821d4e80;
Paris;75002;47fcd821d4e80;
AVERNES;95450;4a791821d4e80;
PARIS;75018;4a191821d4e80;
VERRIERES;61110;413c7821d4e81;
paris;75015;4a7b6821d4e80;
ST MICHEL SUR ORGE;91240;4be87821d4e80;
FONTENAY SOUS BOIS;94120;4f0f9821d4e80;
Boulogne;92100;4528e821d4e80;
BOISSY SANS AVOIR;78490;49ca1821d4e80;
SACLAY;91400;4f2c5821d4e80;
PARIS;75017;4ded7821d4e80;
Paris;75901;4586a7aaa4880;
BETHUNE;62400;46fe3821d4e80;
COURBEVOIE;92400;419cf821d4e80;
GRIMAUD;83310;463437aaa4880;
PARIS;75116;422a7821d4e81;
PARIS;75017;4f0747aaa4880;
SEVRAN;93270;430d6821d4e80;
PARIS 17EME ARRONDISSEMENT;75017;42ab8821d4e80;
PARIS 17EME ARRONDISSEMENT;75017;41e89821d4e80;
DEAUVILLE;14800;478147aaa4880;
ST GENIES BELLEVUE;31180;417a5821d4e81;
Lans en Vercors;38250;4aad6821d4e80;
Nice;6000;43586821d4e80;
Marseille;13013;4d0d5821d4e80;
Savigny-sur-Orge;91600;428937aaa4881;
LA CHAPELLE D ARMENTIERES;59930;41ace821d4e80;
VILLENEUVE D'ASCQ;59650;4d3257aaa4880;
PARIS 11EME ARRONDISSEMENT;75011;4e0747aaa4880;
PARIS;75011;421a6821d4e81;
paris;75018;457d5821d4e80;
Le Chesnay;78150;433c7821d4e80;
meudon;92190;468aa821d4e80;
Paris;75116;4928d821d4e80;
villeneuve le comte;77174;40bb8821d4e81,4d7a2821d4e80;
ELBEUF;76000;458b1821d4e80;
LA GARENNE COLOMBES;92250;41e8a821d4e81;
AVIGNON;84000;427c4821d4e81;
PARIS 11EME ARRONDISSEMENT;75011;4cdc5821d4e80;
PUTEAUX;92800;4e18d821d4e80;
LIMEIL-BREVANNES;94450;49a8a821d4e80;
ST OUEN;93400;405a5821d4e81;
LOUVIGNY;14111;426a4821d4e80;
COURBEVOIE;92400;4c0b37aaa4880;
Paris;75008;451aa821d4e80;
PARIS 2EME ARRONDISSEMENT;75002;498c3821d4e80,485ae821d4e80;
Paris;75011;40bba7aaa4881;
PARIS;75009;40691821d4e81;
Roye;80700;4bd8d821d4e80;
VILLENNES SUR SEINE;78670;47ed4821d4e80;
4,chemin de Mossée,5590,Ciney;;;41d8e821d4e80
ISSY LES MOULINEAUX;92130;454d6821d4e80;
marly;57155;42ec3821d4e80;
Paris;75017;4e108821d4e84;
PORT LE GRAND;80132;4e98a821d4e80;
CLERMONT CREANS;72200;4640a3a982f90;
VANVES;92170;4a5ad7aaa4880;
Saint Nicolas d'Aliermont;76510;45bc3821d4e80;
BU;28410;400a2821d4e81;
COURBEVOIE;92400;41cb8821d4e80;
MELAMARE;76170;4d8f6821d4e80,41dce821d4e81;
VALDAMPIERRE;60790;4672f7aaa4880;
Usson du Poitou;86350;476c3821d4e80;
ST NIZIER DU MOUCHEROTTE;38250;489917aaa4880;
NOISY SUR ECOLE;77123;42dc7821d4e80;
Paris;75017;402ce821d4e81;
SOINDRES;78200;4e588821d4e80;
CHEVREUSE;78460;46db0821d4e80;
MONTROUGE;92120;4b4cb821d4e80;
CHAVILLE;92370;478e1821d4e80;
Paris;75014;477d7821d4e80;
GANNAT;3800;4c6a1821d4e80;
NOISY LE ROI;78590;40f937aaa4881,4791e7aaa4880;
CHAVENAY;78450;42fa5821d4e81;
PARIS 7EME ARRONDISSEMENT;75007;4a4c3821d4e80;
PARIS 19EME ARRONDISSEMENT;75019;400d0821d4e81;
CERGY;95800;4dc51821d4e80;
GRENOBLE;38000;416ce821d4e81;
Sainte AGNES;38190;47ad5821d4e80;
PARIS 16EME ARRONDISSEMENT;75016;416919aab4881;
FONTENAY LE FLEURY;78330;4ddc47aaa4880,4178e821d4e80;
VIARMES;95270;40e6a7aaa4880;
DROSAY;76460;4d5747aaa4880;
PARIS 15EME ARRONDISSEMENT;75015;4738c821d4e80;
VITROLLES;13127;4768b821d4e80;
cergy;95000;49a0e821d4e84;
SOISY SOUS MONTMORENCY;95230;41987821d4e80;
Serris;77700;4cac5821d4e80;
FARGUES ST HILAIRE;33370;41089821d4e80;
Dunkerque cedex 2;59944;410b7821d4e80;
59A,Chemin de Fossard,1231,Conches;;;4e8aa821d4e80
CROISSY BEAUBOURG;77183;4d888821d4e80;
ISSY LES MOULINEAUX;92130;4738d821d4e80;
Par;75006;46ed6821d4e80;
NANTES;44000;432ae821d4e80;
PARIS 17EME ARRONDISSEMENT;75017;4e4ab821d4e80,40e8dd21a4e81;
LIMEIL BREVANNES;94450;468b1821d4e80;
Beaurepaire;76280;439d57aaa4880,4e6f4821d4e80;
126,Avenue Fond'Roy,1180,Uccle;;;4bcd0821d4e80
GENNEVILLIERS;92230;478ae821d4e80;
LEVALLOIS PERRET;92300;4d88a821d4e80;
ROUSSELOY;60660;47ccb821d4e80;
BRIVE LA GAILLARDE;19100;436b3821d4e80;
Saint-médard-en-jalles;33160;49988821d4e80;
PARIS;75007;486c5821d4e80;
ROMAINVILLE;93230;41087821d4e81;
Puteaux;92800;433b8821d4e80;
ST ROMAIN LE PREUX;89116;4f68d821d4e80;
GRENOBLE;38000;45fb0821d4e80;
BIRAN;32350;48dc5821d4e80;
rouvray saint denis;28310;43cc7821d4e80;
ECLARON BRAUCOURT STE LIV;52290;4d177821d4e80,40587821d4e81;
Montlouis-sur-Loire;37270;4e5aa821d4e80;
BOURG LA REINE;92340;42389821d4e81;
ORLEANS;45000;48e8a821d4e80;
VARENNES JARCY;91480;4f488821d4e80;
Roquettes;31120;4de8a821d4e80;
GENTILLY;94250;4b0d1821d4e80;
CAHORS Cedex 9;46003;496f8821d4e80,49b77821d4e80;
payzac;24270;4893b7aaa4880;
Martiel;12200;4bfd1821d4e80;
CHELLES;60350;41da5821d4e81;
PARIS 15EME ARRONDISSEMENT;75015;41490821d4e80;
PARIS 11EME ARRONDISSEMENT;75011;407cb821d4e81;
Varois et Chaignot;21490;47ed1821d4e80;
PARIS;75019;4f6bb821d4e80;
PARIS;75017;4a5a9821d4e80,49b06821d4e84;
Paris;75007;43db8821d4e80;
Paris Cedex 16;75784;416cb821d4e81;
AIX EN PROVENCE;13100;4bad5821d4e80,4d3af821d4e80;
ST CLOUD;92210;48b0d821d4e84;
PARIS;75015;4668d821d4e80;
MEXIMIEUX;1800;42e89821d4e81;
PARIS 15EME ARRONDISSEMENT;75015;4d7ab821d4e80;
RIVEDOUX PLAGE;17940;45c0d821d4e84;
CLAMART;92140;4c8d7821d4e80,4ab06821d4e84;
LOUVIERES;52800;48986821d4e80;
PARIS 17EME ARRONDISSEMENT;75017;4b6d0821d4e80;
PARIS 15EME ARRONDISSEMENT;75015;41dc57aaa4881;
PARIS 11EME ARRONDISSEMENT;75011;4f8ba7aaa4880;
PARIS 13EME ARRONDISSEMENT;75013;4a2d7821d4e80;
Bettencourt la Ferrée;52100;495b0821d4e80;
VERSIGNY;60440;4b3b0821d4e80;
LE TREMBLAY SUR MAULDRE;78490;4b9c7821d4e80;
CRETEIL;94000;4bcc7821d4e80;
Sèvres;92310;418b1821d4e81;
PARIS 10EME ARRONDISSEMENT;75010;4adb4821d4e80;
THEDING;57450;4a58d821d4e80;
PARIS 19EME ARRONDISSEMENT;75019;4a58b821d4e80;
VIZILLE;38220;4d58d821d4e80;
simiane la rotonde;4150;4adb0821d4e80;
PARIS 13EME ARRONDISSEMENT;75013;4e6cb821d4e80;
CHALON SUR SAONE;71100;4cac4821d4e80;
LARRE;56230;4d8f8821d4e80;
Puteaux;92800;4bce3821d4e80;
MEULAN;78250;40ba6821d4e81;
NERY;60320;4a687821d4e80;
PAREY ST CESAIRE;54330;409cb821d4e81;
CAZATS;33430;4486b7aaa4880;
ROMAINVILLE;93230;4ee8f821d4e80;
DUGNY;93440;48206821d4e84;
199,boulevard saint germain,7507,paris;;;41c8f821d4e80
PARIS 17EME ARRONDISSEMENT;75017;4c0ab821d4e80,4bf92821d4e80;
STAINS;93240;4c8a9821d4e80;
BELLOY EN FRANCE;95270;4708e821d4e80,4fac7821d4e80;
FAUVILLE EN CAUX;76640;482c7821d4e80;
GRIGNY;91350;48b8d821d4e80;
PARIS 15EME ARRONDISSEMENT;75015;45a05821d4e84;
LA ROCHE MAURICE;29800;4d3bb821d4e80;
MEYLAN;38240;40787821d4e81;
Lille;59000;4c9cb821d4e80;
marseille;13013;410c5821d4e81,47fc1821d4e80;
Paris;75015;492b4821d4e80;
PORNICHET;44380;4a2af821d4e80;
ST PIERRE LES NEMOURS;77140;400667aaa4881;
ST OUEN L AUMONE;95310;46fd5821d4e80;
LIMONEST;69760;439c7821d4e80;
Villeneuve D Ascq;59650;470b3821d4e80;
PARIS 16EME ARRONDISSEMENT;75016;4be92821d4e80;
Noisiel;77186;41d90821d4e81;
STE ADRESSE;76310;485d1821d4e80;
PARIS 7EME ARRONDISSEMENT;75007;4b406821d4e84;
Clermont-Ferrand;63000;4b4b5821d4e80;
GRESY SUR ISERE;73460;4a5cb821d4e80;
CROSNE;91560;4e2cb821d4e80;
GRESSY;77410;4940e821d4e84;
ROMORANTIN;41200;485257aaa4880;
LAMILLARIE;81120;43ad6821d4e80;
LES HERBIERS;85500;4aca1821d4e80;
PARIS 20EME ARRONDISSEMENT;75020;4bd92821d4e80;
Yerres;91330;4c5b8821d4e80;
paris;75116;48e86821d4e80;
PARIS 17EME ARRONDISSEMENT;75017;4fc4b821d4e80;
BOULOGNE BILLANCOURT;92100;40ea5821d4e81;
LA RICHE;37520;401b8821d4e81;
NEUILLY SUR SEINE;92200;41fb8821d4e81;
35,rue de la Gare,75 019,Paris;;;462b5821d4e80
PARIS 7EME ARRONDISSEMENT;75007;418a4821d4e80;
paris;75005;4f5fb821d4e80;
NOISY SUR ECOLE;77123;49a06821d4e84;
TALUYERS;69440;4aad1821d4e80;
QUEVAUVILLERS;80710;4c2c5821d4e80;
NANTES;44100;4fff5821d4e80;
CLAMART;92140;4d088821d4e80;
ST MORILLON;33650;4c80e821d4e84;
VIGNEUX-SUR-SEINE;91270;40786821d4e80;
Paris;75014;42c86821d4e80;
MESNIL LE ROI;78600;4c78d821d4e80;
PARIS 8EME ARRONDISSEMENT;75008;41287821d4e81;
BOULOGNE BILLANCOURT;92100;4d108821d4e84;
Berlin;10943;4c9577aaf4880,4a70e7aaf4880;
TOULOUSE;31200;4346b7aaa4880,4720e821d4e84;
paris;75007;4f58d821d4e80;
Paris;75015;4328f821d4e81;
Paris;75004;4c6af821d4e80;
LA COLLE SUR LOUP;6480;420ca821d4e81;
BOULOGNE BILLANCOURT;92100;4a1f8821d4e80;
JOURGNAC;87800;40888821d4e81;
BOULOGNE BILLANCOURT;92100;436b8821d4e80;
PLESSIS BARBUISE;10400;4858e821d4e80;
L HAY LES ROSES;94240;4b48d821d4e80;
PARIS;75009;4c4cb821d4e80;
MAULE;78580;4e9fa821d4e80;
TOULOUSE;31000;481d7821d4e80,481b4821d4e80;
PARIS;75116;4e7c3821d4e80,47411821d4e84,44b8d821d4e80,498cb821d4e80;
BOIS COLOMBES;92270;4b3a1821d4e80;
BASSENS;33530;4ebb6821d4e80;
BOBIGNY;93000;4d1c3821d4e80;
MONTSEGUR SUR LAUZON;26130;40aa8821d4e81;
VOISINS LE BRETONNEUX;78960;401a7821d4e81;
BOIS COLOMBES;92270;4588b821d4e80;
MARLY LE ROI;78160;494d5821d4e80;
VILLENEUVE LOUBET;6270;4e0a2821d4e80;
GRIMAUD;83310;4d9af821d4e80;
ELANCOURT;78990;4d9c4821d4e80;
PARIS;75013;4e58d821d4e80;
TRIEL SUR SEINE;78510;4700e821d4e84;
Villard-Bonnot;38190;4a8d5821d4e80;
HOUILLES;78800;414c4821d4e81,4008f821d4e81;
ST CLOUD;92210;48f91821d4e80;
saint fargeau ponthierry;77310;43ed6821d4e80;
Paris;75008;4c18a821d4e80;
Boulogne billancourt;92100;4c2cb821d4e80;
2,Hazelaarlaan,NL1214LM,Hilversum;;;424d6821d4e80
ST JOUIN BRUNEVAL;76280;421ba821d4e81;
ORGEVAL;78630;41488821d4e81;
KAYSERSBERG;68240;487c5821d4e80;
CHATILLON;92320;4c906821d4e84;
PARIS 8EME ARRONDISSEMENT;75008;474d5821d4e80;
BOULOGNE BILLANCOURT;92100;41ba7821d4e81,4d8a2821d4e80,479c5821d4e80;
FRESNEAUX MONTCHEVREUIL;60240;4e2ba821d4e80;
etouvy;14350;49aaa821d4e80;
PARIS 17EME ARRONDISSEMENT;75017;41eb8821d4e81;
ST NAZAIRE LES EYMES;38330;42aae821d4e80;
REIMS;51100;411b8821d4e80;
NANTES;44000;4792f7aaa4880;
21,rue des Peupliers,2328,Luxembourg;;;45fc7821d4e80
Othis;77280;484d7821d4e80;
LEVALLOIS PERRET;92300;4deaf821d4e80;
CREIL;60100;4f6ba821d4e80;
CHATILLON;92320;4ce8b821d4e80;
BOULAZAC;24750;49b3b7aaa4880;
CHANTILLY;60500;4fa91821d4e80;
Le Raincy  Seine Saint-Denis;93340;440d6d21a4e80;
GRASSE;6130;429b1821d4e80;
PARIS 8EME ARRONDISSEMENT;75008;4278f821d4e81;
PARIS 5EME ARRONDISSEMENT;75005;4f9f8821d4e80;
SUCY EN BRIE;94370;49db0821d4e80;
MOMMENHEIM;67670;422bb821d4e81;
PARIS 11EME ARRONDISSEMENT;75011;4e6fb821d4e80;
AUFFARGIS;78610;493a1821d4e80;
PARIS;75017;42cd1821d4e80;
PARIS;75116;46fae821d4e80;
Rouen;76100;44890821d4e80;
Rennemoulin;78590;4e0c7821d4e80;
Bordeaux;33300;40a88821d4e80;
PESSAC;33600;4f6c7821d4e80;
PARIS;75018;4ac8d821d4e80;
ERSTEIN;67150;419b1821d4e81;
COURBEVOIE;92419;123456/ABABABAB,;
VILLEJUIF;94800;49d8b821d4e80;
PUTEAUX;92800;48a91821d4e80;
BOULOGNE BILLANCOURT;92100;411c5821d4e81;
COURBEVOIE;92400;476e1821d4e80,437cf821d4e80;
Bonneuil Sur Marne;94389;411c4821d4e81;
CARTELEGUE;33390;4d3ab821d4e80;
LES ALLUETS LE ROI;78580;47cb3821d4e80;
LEVALLOIS PERRET;92300;4e3a9821d4e80;
ROUSSET;13790;4bef6821d4e80;
MEAUX;77100;4cdb8821d4e80;
GAGNY;93220;4678d821d4e80;
HERBEVILLE;78580;42b917aaa4880;
PARIS 17EME ARRONDISSEMENT;75017;4e9aa821d4e80;
VERSAILLES;78000;457a77aaa4880;
BEAULIEU SUR MER;6310;4b5d0821d4e80;
CERNAY LA VILLE;78720;44b607aaa4880;
LES LILAS;93260;494d7821d4e80;
MONTMORENCY;95160;43fc7821d4e80;
LE VESINET;78110;47a8e821d4e80,4bad1821d4e80;
JOUQUES;13490;407c5821d4e81;
PARIS 8EME ARRONDISSEMENT;75008;4908d821d4e80;
Paris;75017;4b891821d4e80;
AUBERVILLIERS;93300;45290821d4e80;
AULNAY SOUS BOIS;93600;4e8f5821d4e80;
Saint Léonard de Noblat;87400;40bbc821d4e81;
PORTO VECCHIO;20137;4f3c4821d4e80;
CHEVILLY LARUE;94550;41cb1821d4e81;
Ivry sur seine;94200;4bcab821d4e80;
SEVRES;92310;43bc7821d4e80;
PARIS 2EME ARRONDISSEMENT;75002;403c5821d4e81;
Paris;75013;4afd5821d4e80;
ST AUBIN DE CRETOT;76190;4802612aa4880;
BILIEU;38850;4a4b5821d4e80;
58,avenue des chênes,1180,bruxelles;;;4dca2821d4e80
GUERARD;77580;4dfd2821d4e80;
PESSAC;33600;4c692821d4e80;
paris;75011;4eaa1821d4e80;
BOURGOIN JALLIEU;38300;4cdd7821d4e80;
PARIS 20EME ARRONDISSEMENT;75020;470ae821d4e80;
BIARRITZ;64200;49906821d4e84;
PARIS;75116;40ca8821d4e81;
Bordeaux;33000;4bc88821d4e80;
BEAUREPAIRE;76280;4d809821d4e84;
BOUTIGNY;77470;4c5f8821d4e80;
MERU;60110;49207821d4e84;
AMFREVILLE LA MI VOIE;76920;49ca9821d4e80,40fc7821d4e81;
ELANCOURT;78990;4870e821d4e84;
ST JUST DE CLAIX;38680;492c3821d4e80;
CHAILLY EN BIERE;77930;430dc821d4e80;
RUEIL MALMAISON;92500;4f8aa821d4e80;
Paris;75005;4038b821d4e81;
Paris;75016;46c86821d4e80;
PARIS 17EME ARRONDISSEMENT;75017;4abcb821d4e80;
Paris;75011;423ca821d4e81;
PARIS 7EME ARRONDISSEMENT;75007;4d206821d4e84;
VALENCE;26000;41687821d4e81;
paris;75015;4d0cb821d4e80;
Grenoble;38100;4a4b3821d4e80;
PARIS 9EME ARRONDISSEMENT;75009;402c5821d4e81;
Feucherolles;78810;49706821d4e84;
ISSY LES MOULINEAUX;92130;4cdfa821d4e80;
Paris;75016;453f8821d4e80;
BOULOGNE BILLANCOURT;92100;43d8c821d4e80,4aadad21a4e80;
LA CHAPELLE EN VERCORS;26420;4a7ab821d4e80;
PARIS;75015;4b0a2821d4e80;
RIS ORANGIS;91130;438d5821d4e80;
TOULOUSE CEDEX 3;31076;4c48d821d4e80;
LE PLESSIS ROBINSON;92350;47553821d4e80;
NEUILLY SUR SEINE;92200;464ae821d4e80,423c8d21a4e81;
PARIS 20EME ARRONDISSEMENT;75020;4e2c7821d4e80;
saint vaast du val;76890;4ac07821d4e84;
PARIS 14EME ARRONDISSEMENT;75014;4f9b8821d4e80;
L ILE ST DENIS;93450;40f88821d4e81;
COUBRON;93470;4dcd5821d4e80;
PARIS 6EME ARRONDISSEMENT;75006;4a9e3821d4e80,4108dd21a4e81;
BOULOGNE BILLANCOURT;92100;43890821d4e80;
Toulouse;31200;46e11821d4e84;
MONTIGNY LE BRETONNEUX;78180;41587821d4e81;
GORGES;44190;49d91821d4e80;
VIROFLAY;78220;479e3821d4e80,40ca5821d4e81,4c9a1821d4e80,43ed0821d4e80,49806821d4e84,4d76d7aaa4880,487637aaa4880,469d5821d4e80,4e606821d4e84;
BLETTERANS;39140;4488c821d4e80;
BIDART;64210;479cd821d4e80;
GRENOBLE;38000;453b5821d4e80;
LUDRES;54710;4a1137aaa4880;
PARIS;75008;4e1bc821d4e80;
PARIS 8EME ARRONDISSEMENT;75008;4edab821d4e80;
CHILLEURS AUX BOIS;45170;427a5821d4e80;
OUSSE;64320;46506821d4e84;
ST DENIS LE FERMENT;27140;4628d821d4e80;
paris;75007;4da09821d4e84;
1,Fox Close,B75 7JG,Sutton Coldfield;;;4e2d6821d4e80
PARIS 20EME ARRONDISSEMENT;75020;4a1aa821d4e80;
VILLEPINTE;93420;4e707821d4e84;
STE ENIMIE;48210;4a291821d4e80;
VILLEPINTE;93420;41f6f821d4e80;
Paris;75017;460b0821d4e80;
LA VALETTE DU VAR;83160;49386821d4e80;
9,Bronstraat,3016,Leefdaal;;;43e507aaa4880
SEYSSINET PARISET;38170;4c9d1821d4e80;
Le Pré Saint Gervais;93310;42887821d4e81;
PECQUEUSE;91470;40ca4821d4e80;
Paris;75017;4708c821d4e80,4918a821d4e80;
Paris;75008;422d5821d4e80;
TERVILLE;57180;49ab3821d4e80;
SUCY EN BRIE;94370;4c187821d4e80;
Toulouse;31400;4e9b6821d4e80;
BERNIN;38190;4c507821d4e84;
LEVALLOIS PERRET;92300;4138e821d4e80;
ARBOUANS;25400;4fc90821d4e80;
PARIS 8EME ARRONDISSEMENT;75008;4e08a821d4e80;
ST OUEN LES PAREY;88140;4de08821d4e84;
NEUILLY SUR MARNE;93330;4ff4b821d4e80;
Paris;75016;44eb8821d4e80;
FLEURY SUR ORNE;14123;4928c821d4e80;
MONTFORT LE GESNOIS;72450;4418e821d4e80;
SOISY SOUS MONTMORENCY;95230;41c87821d4e81;
ARCUEIL;94110;467b1821d4e80,4e2fb821d4e80,481c7821d4e80;
NIMES;30900;41ebc821d4e81;
PARIS 16EME ARRONDISSEMENT;75016;4ac12821d4e84;
ROUEN;76100;46e12821d4e84;
NEUILLY SUR SEINE;92200;423a5821d4e80;
PARIS;75017;47348921d4e80,4f496921d4e80;
NEUILLY SUR SEINE;92200;4dba1821d4e80;
DOMONT;95330;422a4821d4e80;
BLAUSASC;6440;467b5821d4e80;
Bordeaux;33800;40a89821d4e80;
Paris;75013;4ef91821d4e80;
IVRY SUR SEINE;94200;4e008821d4e84;
Paris;75007;4cad1821d4e80;
COUTURE SUR LOIR;41800;44490821d4e80;
NOISIEL;77186;4f7a2821d4e80;
PARIS 8EME ARRONDISSEMENT;75008;4e7a9821d4e80;
Saint-Mandé;94160;4f1ab821d4e80;
Paris;75018;4e5f5821d4e80;
PARIS 15EME ARRONDISSEMENT;75015;4f9c7821d4e80;
CROISSY SUR SEINE;78290;4aaf8821d4e80;
FOMPERRON;79340;4a1587aaa4880;
PARIS 14EME ARRONDISSEMENT;75014;4f0fb821d4e80;
Saint-Ouen;93400;49acb821d4e80;
NEUILLY PLAISANCE;93360;4800d821d4e84;
ST PRIEST;69800;40cb7821d4e80;
Paris;75015;4c88b821d4e80;
LE COUDRAY MONTCEAUX;91830;4acaa821d4e80;
LAVAL;53000;4d587821d4e80;
LAVAL;53000;47f8c821d4e80;
LAVAL;53000;48ac5821d4e80;
ELANCOURT;78990;4f2c7821d4e80;
CHAMPIGNY SUR MARNE;94500;4e590821d4e80;
ONCY SUR ECOLE;91490;41d90821d4e80;
MEUDON;92190;42689821d4e81;
ST AUBIN LES ELBEUF;76410;4186f821d4e80;
Créteil;94000;4efab821d4e80;
Levallois-Perret;92300;4a2b5821d4e80;
SANNOIS;95110;4a0aa821d4e80;
Boulogne-Billancourt;92100;481aa821d4e80;
CABRIERES D AIGUES;84240;4c9aa821d4e80;
Paris;75008;4ccce821d4e80;
Vincennes;94300;48507821d4e84;
PARIS 8EME ARRONDISSEMENT;75008;4e391821d4e80;
LE CHESNAY;78150;48bcd821d4e80;
LES BORDES AUMONT;10800;42ac3821d4e80;
CHAMBOURCY;78240;430c7821d4e80;
MARSAC SUR DON;44170;43ccd821d4e80;
GRENOBLE;38100;4a107821d4e84;
GIF SUR YVETTE;91190;4a70e821d4e84;
QUINCY VOISINS;77860;4cd8d821d4e80;
Paris;75015;4a8e3821d4e80;
MARGENCY;95580;48711821d4e84;
PARIS 3EME ARRONDISSEMENT;75003;466d1821d4e80,4db06821d4e84;
Saint Cloud;92210;4166e821d4e80;
ECULLY;69130;44f89821d4e80;
PARIS 5EME ARRONDISSEMENT;75005;45bd1821d4e80;
senon;28250;48305821d4e84;
GOINCOURT;60000;4af91821d4e80;
La courneuve;93120;43c90821d4e80,4c3cb821d4e80;
PARIS 1ER ARRONDISSEMENT;75001;4dbf4821d4e80;
LE HAVRE;69630;42ed5821d4e80;
BIARRITZ;64200;4dace821d4e80;
LE VERDON SUR MER;33123;4e4f6821d4e80;
SCEAUX;92330;44423f23e3e80,44fb7f23e3e80,44d707aaa4880,4e8b822982f80,461b17aaa4880;
ST QUENTIN;2100;4be9bf23e3e80;
Paris;75116;437c7821d4e80;
CLAMART;92140;4c8b4821d4e80;
PARIS 17EME ARRONDISSEMENT;75017;4fe4b821d4e80;
PARIS 14EME ARRONDISSEMENT;75014;4a6d1821d4e80;
PARIS 12EME ARRONDISSEMENT;75012;41887821d4e80;
ARCUEIL;94110;4ba87821d4e80;
Paris;75016;42cb0821d4e81;
ARCUEIL;94110;4b8aa821d4e80;
PARIS;75016;45cae821d4e80;
BERGERAC;24100;4afd7821d4e80;
GRENOBLE;38000;4aed7821d4e80;
ETRECHY;91580;4d7aa821d4e80;
SOUPPES-SUR-LOING;77460;483fcd21a4e80;
SERRIS;77700;49992821d4e80,4dcb4821d4e80;
VILLENNES SUR SEINE;78670;412a5821d4e81;
LYON 6EME ARRONDISSEMENT;69006;4256d7aaa4880;
Paris;75011;4f0c7821d4e80;
DOMAZAN;390;4c8f8821d4e80;
PARIS 19EME ARRONDISSEMENT;75019;4f75a7aaa4880;
VAUCRESSON;92420;44fd6821d4e80;
PARIS 17EME ARRONDISSEMENT;75017;4bcd7821d4e80;
Paris;75015;4a0c7821d4e80;
Paris;75015;462f8821d4e80;
NEAUPHLE-LE-CHATEAU;78640;4d5b6821d4e80;
PARIS 2EME ARRONDISSEMENT;75002;4dccb821d4e80;
BESSE;38142;4d6bc821d4e80;
ST JUST;34400;4688c821d4e80;
PARIS 8EME ARRONDISSEMENT;75008;4b7cb821d4e80;
Ozoir-la-Ferrière;77330;40791821d4e81;
VITRY SUR SEINE;94400;47ffed21a4e80;
FORGES LES BAINS;91470;413727aaa4880;
ST MITRE LES REMPARTS;13920;41190821d4e80;
PARIS 10EME ARRONDISSEMENT;75010;48bd7821d4e80;
BUC;78530;409a5821d4e80;
ST PALAIS SUR MER;17420;4468d821d4e80;
ST CLOUD;92210;474b0821d4e80;
NANTERRE CEDEX;92741;42c6e821d4e80;
PARIS 16EME ARRONDISSEMENT;75016;4e8c7821d4e80;
FONTANNES;43100;42687821d4e81;
paris;75017;4d6cb821d4e80;
WAMBRECHIES;59118;434d0821d4e80;
PARIS 16EME ARRONDISSEMENT;75016;439ce821d4e80;
Cesson;77240;48f12821d4e84;
Bonneuil Sur Marne;94389;424ce821d4e80;
BOULOGNE BILLANCOURT;92100;47678821d4e80;
MAREIL MARLY;78750;4bdf6821d4e80;
VALENCE;26000;4aa8b821d4e80;
LES MOLIERES;91470;45f2f7aaa4880;
PARIS 13EME ARRONDISSEMENT;75013;4d551821d4e80;
PARIS 17EME ARRONDISSEMENT;75017;46db3821d4e80;
GRANDCHAMPS DES FONTAINES;44119;43ba17aaa4880;
Neuilly-sur-Seine;92200;4e5f8821d4e80,438b8821d4e80;
COLOMBES;92700;4e5fb821d4e80;
paris;75005;457b1821d4e80;
PARCIEUX;1600;44cae821d4e80;
PARIS;75014;4f2c4821d4e80;
MONTROUGE;92120;419c8821d4e80;
Golfe Juan;6220;44b547aaa4880;
Meudon;92190;41bb1821d4e80;
Osny;55520;43e8c821d4e80;
ST BRICE SOUS FORET;95350;4da90821d4e80;
Saint Étienne d'Orthe;40300;4d72432982f80;
SANCY LES PROVINS;77320;4b8af821d4e80;
PARIE;75014;4fe7c7aaa4880;
CRETEIL;94000;4acd5821d4e80;
LA BUISSIERE;38530;48ec1821d4e80;
ARACHES;74300;4bf08821d4e84;
PARAY VIEILLE POSTE;91550;49eaa821d4e80;
LA TRINITE;6340;48a2732982f80;
PARIS;75011;4297f7aaa4880,485b4821d4e80;
St Brieuc cedex 01;22035;49092821d4e80;
PARIS 20EME ARRONDISSEMENT;75020;47507821d4e84;
PARIS 2EME ARRONDISSEMENT;75002;4f690821d4e80;
LA FERTE SOUS JOUARRE;77260;4dbb6821d4e80;
PARIS 13EME ARRONDISSEMENT;75013;494327aaa4880;
PANTIN;93500;4e5c4821d4e80;
PALAISEAU;91120;41a6e821d4e80;
ERMENONVILLE;60950;483f8821d4e80;
ST GERMAIN EN LAYE;78100;4bfe3821d4e80;
COURBEVOIE;92400;4cff6821d4e80;
UBERACH;67350;48ca1821d4e80;
Paris;75017;43c8e821d4e80;
VAUCRESSON;92420;46ab3821d4e80;
Le Perreux-sur-Marne;94170;40e91821d4e80;
PARIS;75005;493cd821d4e80;
PARIS 9EME ARRONDISSEMENT;75009;4298e821d4e80;
Paris;75019;4d88b821d4e80;
paris;75116;49507821d4e84;
PERIGNY;94520;419cf821d4e81;
LE PLESSIS TREVISE;94420;4d6d0821d4e80;
27,Grubenstrasse 27,8708,Männedorf;;42abd821d4e81;
Sancy les Provins;77320;4388e821d4e80;
MONTS;37260;4e32632982f80;
PARIS 4EME ARRONDISSEMENT;75004;4c70e821d4e84;
Plan d'Orgon;13750;4a9b6821d4e80;
PALAISEAU;91120;458ce821d4e80,4d9b8821d4e80;
PARIS 9EME ARRONDISSEMENT;75009;48cd5821d4e80;
Courbevoie;92419;4630d821d4e84,46dc1821d4e80;
HAGUENAU;67500;44090821d4e80;
GRENOBLE;38000;42cb8821d4e80;
LONDINIERES;76660;441d6821d4e80;
Paris;75020;41cbc821d4e81;
AUBERVILLIERS;93300;4d991821d4e80;
ASSIEU;38150;45c637aaa4880;
PARIS 6EME ARRONDISSEMENT;75006;49dd6821d4e80;
LA FERTE GAUCHER;77320;41db8821d4e81;
PARIS 13EME ARRONDISSEMENT;75013;43dd5821d4e80;
NOISY SUR ECOLE;77123;42089821d4e81;
PARIS 1ER ARRONDISSEMENT;75001;40590d21a4e81;
MALAKOFF;92240;45e8b821d4e80;
NEUILLY SUR SEINE;92200;472d6821d4e80;
CLAMART;92140;4ccf8821d4e80;
GILOCOURT;60129;477c3821d4e80;
PARIS 5EME ARRONDISSEMENT;75005;4cbd0821d4e80;
ORMESSON SUR MARNE;94490;4cfaa821d4e80;
CHATILLON;92320;462ce821d4e80;
MANTEYER;5400;4bab6821d4e80;
Toussus-le-Noble;78117;421ca821d4e81;
PONTOISE;95300;413a6821d4e81;
CHATOU;78400;49cf8821d4e80;
BEZIERS;34500;4d6fa821d4e80;
PARIS;75104;41986821d4e80;
SCEAUX;92330;4c5b4821d4e80;
CLICHY SOUS BOIS;93390;40890821d4e80;
FONTENAY AUX ROSES;92260;498b0821d4e80;
MALAKOFF;92240;47bd7821d4e80;
TIGERY;91250;40391821d4e81,41c8e821d4e80;
ST NOM LA BRETECHE;78860;4eafb821d4e80;
COLOMBES;92700;4e791821d4e80,4e697d21a4e80;
Paris;75011;40cc4821d4e81;
Paris;75004;4d48d821d4e80;
ANSE;69480;455b5821d4e80;
CLAMART;92140;427b0821d4e81;
PARIS 15EME ARRONDISSEMENT;75015;46906821d4e84;
BUSSY SAINT GEORGES;77600;4a087821d4e80;
ST CLOUD;92210;4256e821d4e80;
GIERES;38610;4c1a2821d4e80;
BOISNEY;27800;450ce821d4e80;
SEVRES;92310;49cd5821d4e80;
Montrouge;92120;425d2821d4e80;
GRISY SUISNES;77166;416c8821d4e80;
LE VESINET;78110;4c4d5821d4e80;
ROUEN;76100;425ae821d4e80;
19,Albert Grove,PO5 1NG,Southsea;;;427d1821d4e80
PARIS 11EME ARRONDISSEMENT;75011;495af821d4e80;
NEUILLY SUR SEINE;92200;419b1821d4e80,4c9fa821d4e80,4f0a2821d4e80,44ccf821d4e80;
saint nom la breteche;78860;4d5d0821d4e80;
MONTREUIL;93100;4a5f8821d4e80,423ce821d4e80;
Cucuron;84160;4eece821d4e80;
PARIS 20EME ARRONDISSEMENT;75020;4b38d821d4e80;
MEUDON;92190;4fa92d21a4e80;
LES MOLIERES;91470;47bcb821d4e80;
PARIS 18EME ARRONDISSEMENT;75018;45fce821d4e80;
PARIS 18EME ARRONDISSEMENT;75018;4cccb821d4e80;
Saint Vincent de Tyrosse;40230;410cb821d4e81,409a5821d4e81;
PLAISIR;78370;478b3821d4e80;
PARIS;75116;42a91d21a4e80;
NEUILLY SUR SEINE;92200;4458bd21a4e80,4d6c4d21a4e80,4cc05d21a4e84,492aa921d4e80,47392d21a4e80,4f0fad21a4e80,44fd4921d4e80,4a5d4d21a4e80;
PARIS;75007;478fdd21a4e80,46296d21a4e80;
CACHAN;94230;469d5d21a4e80;
TRUCHTERSHEIM;67370;41a8f821d4e81;
L ISLE ADAM;95290;4c4bd921d4e80;
PARIS;75002;48a8dd21a4e80;
"REVEL""";31250;4b2c5821d4e80;
LA VARENNE ST HILAIRE;94210;449dfd21a4e80;
MONDESCOURT;60400;437c5d21a4e80;
SAVIGNY SUR ORGE;91600;42cd3d21a4e80;
SAVIGNY SUR ORGE;91600;45dcd821d4e80;
PARIS 20EME ARRONDISSEMENT;75020;42697d21a4e81;
BETTON;35830;471c1821d4e80;
BOURG EN BRESSE;1000;4cd06821d4e84;
MONTROUGE;92120;44a93d21a4e80;
MESNIL LE ROI;78600;45491921d4e80;
paris;75009;408e3d21a4e81;
BAGNEUX;92220;459a3921d4e80;
CESSON;77240;4a505d21a4e84;
ISSERTEAUX;63270;4d6b8821d4e80;
Paris;75012;489d8d21a4e80;
LA ROCHELLE;17000;4ae87821d4e80;
Paris;75013;479ccd21a4e80;
MAGNY LES HAMEAUX;78772;4efa4921d4e80,44bcfd21a4e80;
GRENOBLE;38000;4ae07821d4e84;
Nanterre;92000;486d1821d4e80;
PARIS 3EME ARRONDISSEMENT;75003;4c0b3921d4e80;
GARCHES;92380;40f91d21a4e81;
Paris;75015;41e91d21a4e81;
NEUILLY SUR SEINE;92200;47db4821d4e80;
NEUVILLE LES DIEPPE;76370;482d1821d4e80;
PARIS;75009;4a8fad21a4e80,4faa6921d4e80;
ELINCOURT STE MARGUERITE;60157;4a277821d4e80;
GRADIGNAN;33170;420d6821d4e80;
Nice;6100;4def8821d4e80;
paris;75017;4dcddd21a4e80;
MONTFORT LE GESNOIS;72450;402b5921d4e81;
MONTREUIL;93100;4d1cfd21a4e80;
CHARTRES;28000;48ba1821d4e80;
BOULOGNE BILLANCOURT;92100;44e8fd21a4e80;
STE LUCE SUR LOIRE;44980;4d0ba821d4e80;
Caen;14000;4b3ab821d4e80,481b3821d4e80;
PARIS 16EME ARRONDISSEMENT;75016;4b9f8d21a4e80;
Parfondrupt;55400;4caaf821d4e80;
LE PLESSIS ROBINSON;92350;4f096921d4e80;
BONDOUFLE;91070;4d8fa821d4e80,412c8821d4e80;
Paris;75008;4ccc4821d4e80,478aa821d4e80;
paris;75116;42a91921d4e80,45c0bd21a4e84;
FRESNES;94260;4b995d21a4e80;
PARIS 11EME ARRONDISSEMENT;75011;486d4921d4e80,42592d21a4e81;
ST CLOUD;92210;4d38cd21a4e80;
ROUBAIX;59100;47905821d4e84;
SCEAUX;92330;424ab921d4e81;
LA LIMOUZINIERE;44310;4898c821d4e80;
PARIS;75116;4f3db821d4e80;
PARIS 15EME ARRONDISSEMENT;75015;47312d21a4e84;
Paris;75016;4a7ccd21a4e80;
PARIS;75020;497ddd21a4e80;
PONT AUDEMER;27500;4b1a2821d4e80;
PARIS 18EME ARRONDISSEMENT;75018;441dad21a4e80;
SEVRES;92310;42991d21a4e81;
SEVRES;92310;42090821d4e80;
Paris;75016;4b6c9d21a4e80;
STAINS;93240;4e394d21a4e80;
MANDRES LES ROSES;94520;4f4ffd21a4e80;
BAGNEUX;92220;469637aaa4880;
LE HOULME;76770;4daba821d4e80;
LANS EN VERCORS;38250;423bd821d4e81;
Jort;14170;4a205821d4e84;
SURESNES;92150;43cd5d21a4e80;
Paris;75003;4b8c3d21a4e80;
Paris;75005;457fed21a4e80;
15,Alphonse Benoit,3419,Dudelange;;;433717aaa4880
COURBEVOIE;92400;46601d21a4e84;
DIE;26150;47811821d4e84;
FIGEAC;46100;4d7bf7aaa4880;
PARIS 19EME ARRONDISSEMENT;75019;4d3d7d21a4e80;
goudargues;30630;4daf8821d4e80;
MELAMARE;76170;42dd5821d4e80,49a8b821d4e80;
Versailles;78000;4f7c5821d4e80;
PAris;75017;43edbd21a4e80;
PARIS 14EME ARRONDISSEMENT;75014;4328dd21a4e81;
PARIS 18EME ARRONDISSEMENT;75018;49bfb921d4e80,42cc4d21a4e80;
MONTMORENCY;95160;4fa94d21a4e80;
MAYENNE;53100;4a208821d4e84;
AUPS;83630;4f0b822982f80;
ANTIBES;6600;4088e821d4e80;
saint pierre la garenne;27600;446e1821d4e80;
MOIRANS;38430;4d6ab821d4e80;
PARIS 16EME ARRONDISSEMENT;75016;474c3d21a4e80;
LEVALLOIS PERRET;92300;4fef8d21a4e80;
CONFLANS STE HONORINE;78700;43193d21a4e81;
NIORT;79000;412b8821d4e80;
PARIS 16EME ARRONDISSEMENT;75016;41da7921d4e81;
PARIS 14EME ARRONDISSEMENT;75014;4d0c4821d4e80,4fc87821d4e80;
Paris;75011;417a7921d4e81,4f1af921d4e80;
PARIS;75015;461d4921d4e80;
CLAMART;92140;41bb2921d4e81;
125,Looydijk,3731 VA,De Bilt;;;46ecd821d4e80
ST PRIEST BRAMEFANT;63310;4114b821d4e81,4d4b6821d4e80;
Sanilhac;24660;4cb91821d4e80,4154b821d4e81;
PARIS 6EME ARRONDISSEMENT;75006;4cadad21a4e80;
IGNY;91430;42b6f821d4e80;
TAGNON;8300;4a751821d4e80;
COURBEVOIE;92400;466d5821d4e80;
Paris;75019;41ea4921d4e80;
BEAUMETZ;80370;495d6d21a4e80;
MONTIGNY LES METZ;57950;43b4a821d4e80;
PARIS;75002;4fca5821d4e80;
PARIS;75002;482af921d4e80;
Sèvres;92310;4d5c4821d4e80;
GONDREVILLE;54840;44bcd821d4e80;
SAINTE MAXIME;83120;45fd5821d4e80;
ANCHE;37500;4aec7821d4e80;
FRETHUN;62185;496d6821d4e80;
BOULOGNE BILLANCOURT;92100;4abb0821d4e80;
MAULE;78580;42ca8821d4e81;
COURBEVOIE;92400;4e3ddd21a4e80;
VAIRES SUR MARNE;77360;4258fd21a4e80,48fc4d21a4e80;
Eybens;38320;428a4821d4e80;
JOIGNY;89300;450277aaa4880;
IVRY SUR SEINE;94200;486cf921d4e80,414a2921d4e80,417c4d21a4e80;
Paris;75019;47c8ed21a4e80;
HERMES;60370;4eeab821d4e80;
MITRY MORY;77290;4b1d0d21a4e80;
PARIS 17EME ARRONDISSEMENT;75017;407e3d21a4e81;
CACHAN;94230;4f1667aaa4880;
PARIS 15EME ARRONDISSEMENT;75015;4feb1921d4e80;
LE PLESSIS BOUCHARD;95130;498c9d21a4e80;
NEUILLY SUR SEINE;92200;4e0ad921d4e80;
CLAMART;92140;400c5821d4e81;
PARIS 12EME ARRONDISSEMENT;75012;4fb8fd21a4e80;
SARCELLES;95200;462fad21a4e80;
Saint Maurice De Beynost;1700;4d4b4821d4e80;
PARIS;75019;462af921d4e80;
SEVRES;92310;40e92d21a4e81;
PARIS 11EME ARRONDISSEMENT;75011;4b1b1921d4e80;
5-7,Route de l'état,1380,Lasne;;;4eefb821d4e80
SEVRAN;93270;471e1d21a4e80;
EGLISENEUVE PRES BILLOM;63160;4638e821d4e80;
roubaix;59100;487a57aaa4880;
La Celle Saint-Cloud;78170;4e0dbd21a4e80;
BERCK;62600;4618c821d4e80;
CHILLY MAZARIN;91380;4ec90d21a4e80;
Saint-Cloud;92210;49c497aaa4880;
hettangé;57330;4204c7aaa4880;
PARIS;75116;486d4d21a4e80;
Bohas Meyriat Rignat;1250;4cfd6821d4e80;
PARIS 11EME ARRONDISSEMENT;75011;4ec94d21a4e80;
PARIS 8EME ARRONDISSEMENT;75008;4e4fbd21a4e80;
SOUCELLES;49140;40c89821d4e80;
FRESNES;94260;4d8b1821d4e80;
BOISSY ST LEGER;94470;4ebab821d4e80;
PARIS;75017;47610921d4e84;
BELFONDS;61500;40c8cd21a4e81;
Beaurepaire;76280;47cb0921d4e80;
PARIS;75008;4c1b3821d4e80,4a7c7821d4e80;
PARIS 5EME ARRONDISSEMENT;75005;423a6921d4e80;
PUYCELCI;81140;42f91821d4e81;
21,,Résidence Mare GRISEAU,78 750,Mareil-Marly;;;40c6b7aaa4880
NOISY LE GRAND;93160;4a2c5821d4e80;
ST MARTIN LE VINOUX;38950;4a5b5821d4e80;
SOISSONS;2200;47ac8d21a4e80;
DUGNY;93440;41187821d4e80;
ROSNY SOUS BOIS;93110;4be06821d4e84,4bad0821d4e80,4f4f8821d4e80;
MEAUX;77100;468137aaa4880;
SUCY EN BRIE;94370;45592d21a4e80;
PARIS;75020;48b94d21a4e80;
LEZOUX;63190;4f7637aaa4880;
Paris;75018;4e095d21a4e80;
ST CLOUD;92210;4f1fdd21a4e80;
PARIS;75116;49bdfd21a4e80;
ST CLOUD;92210;46a8d821d4e80;
BEAUBEC LA ROSIERE;76440;4faf8821d4e80;
BRON;69500;46c8b821d4e80;
NEUILLY SUR SEINE;92200;45c8bd21a4e80;
GUYANCOURT;78084;46e947aaa4880,48aa97aaa4880,425a97aaa4881,441d47aaa4880,4c46f7aaa4880,4a9ce7aaa4880,459717aaa4880,41bc57aaa4881,4ee9e7aaa4880,471a97aaa4880;
Raphèle les Arles;13280;49886821d4e80;
Paris;75017;47011d21a4e84;
GIF SUR YVETTE;91190;42da5821d4e80;
PARIS 17EME ARRONDISSEMENT;75017;4a5b0921d4e80;
NANTERRE;92000;4dbcb821d4e80;
GUYANCOURT;78280;42a8dd21a4e80;
STRASBOURG CEDEX 9;67913;4898b821d4e80,437b8821d4e80;
STE JULIE;1150;479b0821d4e80;
Valenciennes;59300;4753b7aaa4880;
Montpellier;34070;4d1d0821d4e80;
GUYANCOURT;78088;49fd4921d4e80,4598cd21a4e80,4e3b5921d4e80,43690d21a4e80,401dfd21a4e81,41291d21a4e80,46ea5921d4e80,40cc6d21a4e81,4aecf921d4e80,4d89f921d4e80;
COURBEVOIE;92400;4aca9821d4e80;
CAGNES SUR MER;6800;4aec3821d4e80;
FRANCONVILLE;95130;4438cd21a4e80;
PARIS;75017;4d8a0921d4e80;
PARIS 7EME ARRONDISSEMENT;75007;4bec4d21a4e80;
Poissy;78300;448457aaa4880;
COURBEVOIE;92400;4f1417aaa4880,42887821d4e80;
CHARTRES;28000;4e4b37aaa4880;
HERBEYS;38320;430b8821d4e80;
PARIS 17EME ARRONDISSEMENT;75017;4d8fcd21a4e80;
ISSY LES MOULINEAUX;92130;42dd3821d4e80;
MEYLAN;38240;4e987821d4e80;
PRIVAS;7000;4b807821d4e84;
PARIS 8EME ARRONDISSEMENT;75008;42da5921d4e81;
83,Pimlico Road,SW1W 8PH,Londres;;;46d53821d4e80
PARIS;75011;46836921d4e80;
PARIS 8EME ARRONDISSEMENT;75008;48392d21a4e80;
PARIS 19EME ARRONDISSEMENT;75019;477e3d21a4e80;
BRETIGNY SUR ORGE;91220;4e68bd21a4e80;
LE POUJOL SUR ORB;34600;4c6d5821d4e80;
LE VESINET;78110;4c6e3d21a4e80;
CHARLEVILLE MEZIERES;8000;4c0d9d21a4e80;
PARIS 14EME ARRONDISSEMENT;75014;4268ad21a4e80;
Jours-Pontchartrain;78760;43c48921d4e80;
PARIS 15EME ARRONDISSEMENT;75015;4498dd21a4e80,4a4e2d21a4e80;
PARIS 17EME ARRONDISSEMENT;75017;4d9c7d21a4e80;
45,de la montagne,6586,Steinheim;;46d12821d4e84;
SOLLIES PONT;83210;43bcd821d4e80;
PARIS 20EME ARRONDISSEMENT;75020;4ced6d21a4e80;
CHATENAY MALABRY;92290;46ed3d21a4e80;
PARIS 16EME ARRONDISSEMENT;75016;428a9921d4e81;
L ISLE ADAM;95290;4aafed21a4e80;
VAUCHRETIEN;49320;430a4821d4e80,4e9b1821d4e80;
VERSAILLES;78000;4d1a2921d4e80;
GODERVILLE;76110;4dc90821d4e80;
CHARMEIL;3110;455cd821d4e80;
CHENNEVIERES SUR MARNE;94430;4dac7821d4e80,4698c821d4e80,48dd1821d4e80;
PARIS;75013;4a9e0d21a4e80,45eb1921d4e80;
LOURY;45470;488c7821d4e80;
Carcans;33121;48ab4821d4e80;
ROCHEFORT EN YVELINES;78730;45597d21a4e80;
PARIS;75008;426c3d21a4e81;
CHILLY MAZARIN;91380;44597d21a4e80;
Boulogne-Billancourt;92100;4da8f7aaa4880,416547aaa4881,449817aaa4880,4531d7aaa4880;
LA BAULE ESCOUBLAC;44500;48807821d4e84;
VILLENEUVE SUR LOT;47300;4208f821d4e81;
VIF;38450;457d6821d4e80,428b0821d4e81,4c0e3821d4e80;
DOMONT;95330;48f96d21a4e80;
PARIS 8EME ARRONDISSEMENT;75008;436ae821d4e80;
ALBI;81000;48a77821d4e80;
malakoff;92240;42aa9921d4e81;
19,Suebelwee,5243,Sandweiler;;421c5821d4e81;
MAINCY;77950;4bdad921d4e80;
Marseille;13009;4a9d0821d4e80;
DOUAI;59500;4dcb1821d4e80;
MARLY LE ROI;78160;4ca92d21a4e80;
ST REMY SUR AVRE;28380;4aa51821d4e80;
COUBRON;93470;41aa9921d4e80;
MONTOURTIER;53150;4c7d0821d4e80;
34A,Ch en Segrin,2016,Cortaillod;;405bb821d4e81;
EVREUX;27000;4da0ad21a4e84;
PARIS 13EME ARRONDISSEMENT;75013;4c1bd921d4e80;
ST CYR SOUS DOURDAN;91410;433d3d21a4e80;
PARIS 15EME ARRONDISSEMENT;75015;4cbd1821d4e80;
LYON 3EME ARRONDISSEMENT;69003;45bf8821d4e80;
Paris;75016;47c0cd21a4e84;
64,Halen,3037,Herrenschwanden;;;4e6a1821d4e80
Le Gua;38450;4610e821d4e84;
PARAZA;11200;42e86821d4e80;
LIEVIN;62800;40c88821d4e80;
BRIE COMTE ROBERT;77170;4f890d21a4e80;
CHAMPS;61190;40b72821d4e80;
PARIS;75007;4edffd21a4e80;
ST PRIEST EN JAREZ;42270;4b292821d4e80;
ivry sur seine;94200;444c3821d4e80;
PARIS 15EME ARRONDISSEMENT;75015;41ea5821d4e80;
ROUEN;76000;4c6a9821d4e80;
ST CLOUD;92210;4b48ad21a4e80;
MONTESSON;78360;48194d21a4e80;
NAILLOUX;31560;4d48b821d4e80;
PARIS 20EME ARRONDISSEMENT;75020;4a1fcd21a4e80;
Paris;75003;469b0921d4e80;
paris;75014;437b1821d4e80;
MENNECY;91540;40090821d4e81;
MEUDON;92190;45904d21a4e84;
STE ENIMIE;48210;42288821d4e80;
BREVILLE SUR MER;50290;428d5821d4e80;
paris;75017;4b30cd21a4e84;
SAINT-MAIXENT;72320;4b18ed21a4e80;
EU;76260;41eb1821d4e81;
LA VARENNE ST HILAIRE;94210;448d8d21a4e80;
Vraiville;27370;4b377821d4e80;
DRANCY;93700;40f96d21a4e81;
CURVALLE;81250;4c20e821d4e84;
paris;75116;40ac8d21a4e81;
Toulouse;31200;492aa821d4e80;
LES TROIS PIERRES;76430;4c4b8821d4e80;
ETOGES;51270;4f7fa821d4e80;
PARIS 17EME ARRONDISSEMENT;75017;4b106d21a4e84;
Coubron;93470;449ced21a4e80;
CAGNES SUR MER;6800;43b8e821d4e80;
ECQUEVILLY;78920;4268f821d4e81;
PARIS 14EME ARRONDISSEMENT;75014;47e8fd21a4e80;
PANTIN;93500;448c1821d4e80;
FONSOMMES;2110;4b30e821d4e84;
LISSES;91090;4dfac921d4e80;
Paris;75116;4ecae921d4e80;
PARIS 12EME ARRONDISSEMENT;75012;420b2921d4e80;
PARIS;75016;4b9a2821d4e80;
FAILLY;57640;4f791821d4e80;
Montpellier;34070;4e1ab821d4e80;
Paris 1;75001;48046921d4e80;
vaucresson;92420;4caf9d21a4e80;
TRESSIN;59152;4324a821d4e80;
ANDRESY;78570;455cad21a4e80;
PARIS 8EME ARRONDISSEMENT;75008;4acf8821d4e80;
Gonesse;95500;416b7821d4e80;
Paris;75116;46308d21a4e84,49a0ed21a4e84;
Charenton le Pont;94220;45586821d4e80;
Grenoble;38000;4d4c4821d4e80;
MONTLOUIS SUR LOIRE;37270;4f18b821d4e80;
ST ANDRE LES VERGERS;10120;474b5821d4e80;
PALAISEAU;91120;42bcfd21a4e80;
PARIS 5EME ARRONDISSEMENT;75005;49f09921d4e80,46d77921d4e80;
PARIS;75008;435d6d21a4e80;
Cogolin;83310;4e8c5821d4e80;
PARIS 8EME ARRONDISSEMENT;75008;454fad21a4e80;
ISSY LES MOULINEAUX;92130;481f9d21a4e80,4a809d21a4e84,4228ed21a4e81,461fed21a4e80,44a91d21a4e80,4fedfd21a4e80,4add9d21a4e80;
COURBEVOIE;92400;48fc5821d4e80,479d7821d4e80;
VINCENNES;94300;41ba5821d4e81;
MAINCY;77950;432cad21a4e80;
BOSC EDELINE;76750;4a7a9821d4e80;
NANTERRE;92000;415c6d21a4e80;
PARIS 17EME ARRONDISSEMENT;75017;45be2d21a4e80;
Paris;75008;427c3821d4e80;
CHARENTON LE PONT;94220;4edf5821d4e80;
clamart;92140;49b01d21a4e84;
ROISSY EN FRANCE;95700;4731f7aaa4880;
HAUTOT ST SULPICE;76190;478d1821d4e80;
Aix en provence;13100;45105821d4e84;
montpellier;34070;47fd6821d4e80;
Meudon;92190;430c3821d4e80;
Rouillac;16170;499af821d4e80;
Paris;75007;429ced21a4e80;
ANGERS;49000;41387821d4e80;
Clamart;92140;44adbd21a4e80;
Massy;91300;43acdd21a4e80;
Rennes;35000;4c78b821d4e80;
PARIS 12EME ARRONDISSEMENT;75012;4ab04d21a4e84;
PESSAC;33600;46507821d4e84;
LE BREUIL SUR COUZE;63340;464b3821d4e80;
Paris;75116;4f88b821d4e80;
LE BOUSCAT;33110;492cd821d4e80;
PARIS 16EME ARRONDISSEMENT;75016;41ed5d21a4e80;
ROUBAIX;59100;492cdd21a4e80;
St Jean Le Blanc;45650;43689821d4e80;
Souppes Sur Loing;77460;42cc3821d4e80;
GAGNY;93220;4d18fd21a4e80,45afdd21a4e80;
NOTRE DAME DES MILLIERES;73460;43fa4821d4e80;
SURESNES;92150;42ec7d21a4e80;
BIEVILLE BEUVILLE;14112;4ccad7aaa4880;
Nointel;95590;422d2821d4e80;
Paris;75012;4bcdad21a4e80;
CROIX;59170;4873b7aaa4880;
CHATENAY SUR SEINE;77126;4c488821d4e80;
Noaillan;33730;4e5cb821d4e80;
LES ROCHES DE CONDRIEU;38370;4bc497aaa4880;
AVON;77210;4bc0e821d4e84;
BUHL LORRAINE;57400;4fece821d4e80;
ORLEANS;45000;4a58a821d4e80;
Massy;91300;4a253821d4e80;
ST VINCENT LA COMMANDERIE;26300;4bbb0821d4e80;
CHATEAUROUX;36000;4ee8d821d4e80;
molphey;21210;429c3821d4e80;
HEIMSBRUNN;68990;41491821d4e80;
20,Rue de la Dent Blanche,1950,SION;;451277aaa4880,4e1c3821d4e80,4c30e821d4e84;
VRON;80120;46ef8821d4e80;
nimes;30000;49cd1821d4e80;
GRENOBLE;38000;4eda9821d4e80;
RODEZ;12000;463257aaa4880,4920d32982f80;
ORGEVAL;78630;4cb8b821d4e80;
Romagnat;63540;49bc9d21a4e80;
ECHIROLLES;38130;4dea2821d4e80;
Bomy;62960;47353821d4e80;
AUBERGENVILLE;78410;47ddad21a4e80;
GODERVILLE;76110;4668b821d4e80;
WASQUEHAL;59290;422a5821d4e80;
Viroflay;78220;42b6e821d4e80;
Chatillon;92320;4998dd21a4e80;
PROPRIANO;20110;45e06821d4e84;
ROMAINVILLE;93230;4566b7aaa4880;
Torino;10129;453b8821d4e80;
Saint Martin Du Boschet;77320;4ef8b821d4e80;
FONTENAY AUX ROSES;92260;4b54b7aaa4880,4b6397aaa4880;
PARIS 16EME ARRONDISSEMENT;75016;481ced21a4e80;
STAINS;93240;458987aaa4880;
BRUGES;33520;4a3a37aaa4880,498a1821d4e80;
Paris;75014;42bdbd21a4e80;
AVIGNON;84000;4e0a1821d4e80;
VERNON;27200;45bae821d4e80;
PARIS 14EME ARRONDISSEMENT;75014;4c4d7d21a4e80;
Plaisir;78370;4298dd21a4e81;
FONTENAY AUX ROSES;92260;443e2d21a4e80;
paris;75116;47801d21a4e84;
BORDEAUX;33000;4a1917aaa4880;
CHAGNY;71150;41d947aaa4881;
lA gARENNE cOLOMBES;92250;46809d21a4e84;
PARIS 16EME ARRONDISSEMENT;75016;4abd2d21a4e80;
Asnières sur seine;92690;4c4a1821d4e80;
MANTES LA JOLIE;78200;4bb8d821d4e80;
GRAIMBOUVILLE;76430;4a0b4821d4e80;
BARTENHEIM;68870;4b9d7821d4e80;
NONVILLIERS GRANDHOUX;28120;4d7ced21a4e80;
PARIS 16EME ARRONDISSEMENT;75016;4f0a17aaa4880;
72-I,M.C. Verloopweg,3956BS,Leersum;;40ccb821d4e81;
NEUILLY SUR SEINE;92200;40ed5d21a4e81;
PARIS 19EME ARRONDISSEMENT;75019;4f2a2821d4e80,49912821d4e84;
Calais;62100;4c3d5821d4e80;
Rueil Malmaison;92500;4cfc7821d4e80;
ISSY LES MOULINEAUX;92130;4d9a9821d4e80;
CHATEAU D OLONNE;85180;40d90821d4e81;
PARIS;75015;455d47aaa4880;
ST MARTIN D HERES;38400;42090821d4e81;
ST OUEN;93400;478c1821d4e80;
RUEIL MALMAISON;92500;40070821d4e81;
SAULX LES CHARTREUX;91160;4ffcbd21a4e80;
GRENOBLE;38000;41a90821d4e80;
PARIS 6EME ARRONDISSEMENT;75006;41eb2921d4e81,426a8921d4e81;
LEOGNAN;33850;4a487821d4e80;
PARIS 8EME ARRONDISSEMENT;75008;453fed21a4e80;
TRAPPES;78190;47ee3d21a4e80;
Hecmanville;27800;4e488821d4e80;
NARBONNE;11100;4db08821d4e84;
ST DENIS;93200;465b1921d4e80;
PARIS 18EME ARRONDISSEMENT;75018;4b2a0921d4e80;
GRUCHET ST SIMEON;76810;4aa06921d4e80;
trelissc;24750;4d2d7821d4e80;
MARSEILLE;13006;48bf8821d4e80;
PARIS 17EME ARRONDISSEMENT;75017;41ba1921d4e80;
LE SAPPEY EN CHARTREUSE;38700;4c6d7821d4e80;
MONTESSON;78360;45dd5821d4e80;
ST DENIS;93200;433b1821d4e80;
paris;75013;4778ed21a4e80;
PARIS 5EME ARRONDISSEMENT;75005;467c3821d4e80;
PARIS 17EME ARRONDISSEMENT;75017;4568dd21a4e80;
PARIS 5EME ARRONDISSEMENT;75005;40cd5d21a4e81;
VILLENAVE D ORNON;33140;416b1821d4e81;
PARIS 15EME ARRONDISSEMENT;75015;4b088821d4e80;
MONTBONNOT ST MARTIN;38330;454d5821d4e80;
GOUSSAINVILLE;95190;47fc3821d4e80;
PARIS 17EME ARRONDISSEMENT;75017;409d5d21a4e81;
Paris;75017;428b8821d4e80;
Bouzy;51150;42289821d4e81;
PARIS 17EME ARRONDISSEMENT;75017;45df8d21a4e80;
LEVIS ST NOM;78320;40ea2821d4e81;
MONTEREAU FAUT YONNE;77130;488a5921d4e80;
LA TALAUDIERE;42350;42fc8821d4e80;
Paris;75116;402e3d21a4e81,45297d21a4e80;
Clichy;92110;40cc9d21a4e81;
Paris;75015;4d9dbd21a4e80;
PARIS 17EME ARRONDISSEMENT;75017;4c4fb921d4e80;
MANTES LA JOLIE;78200;4e4b5921d4e80;
PARIS 10EME ARRONDISSEMENT;75010;4099f921d4e81;
Paris;75018;4facdd21a4e80;
PARIS 17EME ARRONDISSEMENT;75017;4a6ccd21a4e80;
COURBEVOIE;92400;4aa0a9aab4880;
31,Westeinde,8071ZL,Nunspeet;;4b10e821d4e84;
PARIS;75017;485cad21a4e80;
LEVALLOIS PERRET;92300;449cbd21a4e80;
20,Rue de la grande couture,7503,Froyennes;;417b1821d4e81;
VAUCRESSON;92420;402d5d21a4e81;
ST DENIS;93200;4b5c3d21a4e80;
LA TRONCHE;38700;496d5821d4e80;
LA BREDE;33650;426a5821d4e80;
GUYANCOURT;78280;4d9fcd21a4e80;
Saint Aubin du Thenney;27270;43d97d21a4e80;
MEUDON;92190;4e3d0821d4e80;
paris;75014;494d2d21a4e80;
Minsk;20025;47d457aaa4880;
IVRY SUR SEINE;94200;4fcf6821d4e80;
ST THIBAULT DES VIGNES;77400;4b3a2821d4e80;
GARGENVILLE;78440;41ad4d21a4e81;
SATOLAS ET BONCE;38290;4f71d32982f80;
LE VESINET;78110;43f8d821d4e80;
Salperwick;62500;40fcb821d4e81;
PARIS;75015;4e0b0921d4e80;
HEROUVILLE ST CLAIR;14200;4ab3b7aaa4880;
Audelange;39700;431ae821d4e80;
MAXOU;46090;48f05821d4e84;
Vaicresson;92420;4d188821d4e80;
VILLEFRANCHE SUR MER;6230;4a40b3a982f90;
Paris;75018;4d1c7821d4e80;
PARIS 8EME ARRONDISSEMENT;75008;40d96d21a4e81,45c8ad21a4e80,4a5dfd21a4e80;
PARIS 14EME ARRONDISSEMENT;75014;4f1c7821d4e80,4dec5821d4e80;
ARS SUR MOSELLE;57130;491367aaa4880;
PARIS 1ER ARRONDISSEMENT;75001;4b0c6d21a4e80,41394d21a4e80;
MONTAGUDET;82110;4deaa821d4e80;
Paris;75008;4676b7aaa4880;
ST LEU LA FORET;95320;471dcd21a4e80;
BRY SUR MARNE;94360;4a7d5821d4e80;
COURBEVOIE;92419;4108e821d4e80;
COURBEVOIE;92419;45be1821d4e80;
BOULOGNE BILLANCOURT;92100;44bce821d4e80;
NIMES;30000;4d2cb821d4e80,427d5821d4e80;
GRUCHET ST SIMEON;76810;430cf821d4e80;
PARIS 13EME ARRONDISSEMENT;75013;4dad9d21a4e80;
Montlignon;95680;4df07821d4e84;
PARIS 19EME ARRONDISSEMENT;75019;4f9db821d4e80;
Paris;75015;409cdd21a4e81;
VILLENEUVE SUR LOT;47300;4d091821d4e80;
GUJAN MESTRAS;33470;443b1821d4e80;
Paris;75016;49d8fd21a4e80;
Grenoble;38000;4a5aa821d4e80;
CROISSY SUR SEINE;78290;427d0821d4e80;
ecquevilly;78920;4d095d21a4e80;
BOUGIVAL;78380;49807821d4e84;
SAINT JEAN DU CARDONNAY;76150;44c8d821d4e80;
ST MARTIN DE CRAU;13310;4b6ab821d4e80;
PLESSE;44630;461b5821d4e80;
Croissy sur Seine;78290;4118cd21a4e81;
Paris;75017;458d5d21a4e80;
ARGENTEUIL;95100;4d351821d4e80;
PARIS 6EME ARRONDISSEMENT;75006;475b3821d4e80;
ST GERMAIN EN LAYE;78100;4b0af821d4e80;
ST MARIENS;33620;48eb3821d4e80;
TOULOUSE;31000;48be1821d4e80;
Longpont sur orge;91310;427ba821d4e81;
HENOUVILLE;76840;45faa821d4e80;
VERTAIZON;63910;4666f7aaa4880;
BOLBEC;76210;44dd1821d4e80;
La reorthe;85210;4eba1821d4e80;
Paris;75019;46c0e821d4e84;
jouques;13490;4f7f5821d4e80;
Mérignac;33700;4e7cb821d4e80;
PARIS 17EME ARRONDISSEMENT;75017;4e401d21a4e84;
81,rue de Dommeldange,7222,Walferdange;;;44091d21a4e80
MASSY;91300;48ce2d21a4e80;
MAREIL MARLY;78750;49ee3d21a4e80;
Les mureaux;78130;4e18b821d4e80,457e1821d4e80;
Paris;75016;48312821d4e84;
Nimes;30900;4e1f4821d4e80;
ERMONT;95120;45be0d21a4e80;
Bryn Awelon,Brynrefail,LL55 3NR,Caernarfon;;;458cd821d4e80
LA QUEUE EN BRIE;94510;4c910d21a4e84;
ST GILLES;30800;4a3aa821d4e80;
VENISSIEUX;69200;442c7821d4e80;
MARSEILLE 8EME ARRONDISSE;13008;41686821d4e80;
Paris;75008;489ac921d4e80;
Jassans riottier;1480;4aeb0821d4e80;
PARIS 9EME ARRONDISSEMENT;75009;4f8cb821d4e80;
PARIS 16EME ARRONDISSEMENT;75016;4ecf9821d4e80;
PARIS 8EME ARRONDISSEMENT;75008;4c351821d4e80,4bdd1821d4e80,46b8b821d4e80;
ST EGREVE;38120;44fcf821d4e80;
PARIS 15EME ARRONDISSEMENT;75015;496ddd21a4e80;
ST MARTIN LE VINOUX;38950;476cd821d4e80;
CARSPACH;68130;447c7821d4e80;
PARIS 6EME ARRONDISSEMENT;75006;469d9d21a4e80;
Paris;75006;41a91921d4e80;
ROQUEFORT;47310;4660d821d4e84;
MAGNIEN;21230;4a91c32982f80;
COMBS LA VILLE;77380;48cd7821d4e80;
SALON DE PROVENCE;13300;4eace821d4e80,41ea6821d4e81;
Montpellier;34070;427bd821d4e81;
LA CELLE ST CLOUD;78170;45e76821d4e80;
Paris;75019;440e0d21a4e80;
ANDRESY;78570;4f7bb821d4e80;
THIEUX;77230;405ddd21a4e81;
EPINAL;88000;4108a821d4e81;
ST JEAN DU BOUZET;82120;47d95d21a4e80;
BONVILLERS;60120;4a7d7821d4e80;
Bondy;93140;4ca09821d4e84;
AMILLIS;77120;46405d21a4e84;
Tarbes;65000;46086821d4e80;
MONTREUIL;93100;45dcdd21a4e80;
VOISINS LE BRETONNEUX;78960;488a1821d4e80;
122a,Zürichbergstrasse,8044,Zürich;;;488a1821d4e80
STAINS;93240;409d1d21a4e81;
PARIS;75005;4b7c5d21a4e80;
THIERS;63300;40ba5821d4e81;
ST GEORGES SUR BAULCHES;89000;483ac921d4e80;
PARIS 17EME ARRONDISSEMENT;75017;408e4d21a4e81;
2,Sparrenlaan, 2,2980,zoersel;;;456c7821d4e80
CLAMART;92140;4df79821d4e80;
BOULOGNE BILLANCOURT;92100;4d7647aaa4880;
VILLENEUVE LE COMTE;77174;4d491d21a4e80;
Le Perreux sur Marne;94170;4c5c9d21a4e80;
LA TOUR DE SALVAGNY;69890;47ad1821d4e80;
PARIS 9EME ARRONDISSEMENT;75009;4838cd21a4e80;
PARIS 5EME ARRONDISSEMENT;75005;4cc8bd21a4e80;
BORDEAUX;33000;4f287821d4e80;
Suresnes;92150;45f91d21a4e80;
LESQUIN;59810;4afaf821d4e80;
PARIS 20EME ARRONDISSEMENT;75020;4fdd3d21a4e80;
Nebian;34800;441a4821d4e80;
Franconville;95130;4c3dfd21a4e80;
MARDIE;45430;49ba57aaa4880;
CUGES LES PINS;13780;416a5821d4e80;
GRAND COURONNE;76530;462aa821d4e80;
VERNEUIL SUR SEINE;78480;411cb821d4e81;
PARIS 12EME ARRONDISSEMENT;75012;424c9d21a4e81;
50,Rue Liotard,1202,Geneve;;;445c3821d4e80
Sciez;74140;49292821d4e80;
PARIS 8EME ARRONDISSEMENT;75008;484ab921d4e80;
CAEN;14000;420ce821d4e81;
Voghera;27058;487d6821d4e80;
GIGNAC;34150;4dbc7821d4e80;
ST REMY DE PROVENCE;13210;487d7821d4e80;
MARSSAC SUR TARN;81150;4c7a2821d4e80;
PARIS;75015;42895d21a4e81;
PARIS 2EME ARRONDISSEMENT;75002;45256921d4e80;
PARIS 16EME ARRONDISSEMENT;75116;423a9921d4e80;
MONTGEROULT;95650;4a9d0d21a4e80;
MORTCERF;77163;43ed4d21a4e80;
PARIS 7EME ARRONDISSEMENT;75007;477cad21a4e80;
FECAMP;76400;4bb07821d4e84;
LA CIOTAT;13600;4a9d7821d4e80;
jouy en josas;78351;472c7821d4e80;
MILLY LA FORET;91490;45dcfd21a4e80;
ST CLOUD;92210;4600d821d4e84;
PARIS 3EME ARRONDISSEMENT;75003;4c8e0d21a4e80;
PANTIN;93500;442d4d21a4e80;
CARPENTRAS;84200;4a287821d4e80;
CHATOU;78400;47a0fd21a4e84;
Clamart;92140;4ded3d21a4e80;
PARIS 14EME ARRONDISSEMENT;75014;4b3ffd21a4e80;
tigery;91250;4680e821d4e84;
NANCY;54000;46db1821d4e80;
IVRY SUR SEINE;94200;47be3d21a4e80;
CHOISY LE ROI;94600;49205921d4e80;
PARIS 17EME ARRONDISSEMENT;75017;41cccd21a4e81;
MARSEILLE 8EME ARRONDISSE;13008;4dfba821d4e80;
LE LOROUX BOTTEREAU;44430;4e6447aaa4880;
PARIS 8EME ARRONDISSEMENT;75008;40ecbd21a4e81;
Paris;75004;4920ed21a4e84;
DOMANCY;74700;421b8821d4e80;
WARLUIS;60430;40a8ed21a4e80;
;16346;4c7b37aaa4880;
Saint valerien;89150;4613c7aaa4880;
ASPREMONT;6790;4ab12821d4e84;
PARIS 8EME ARRONDISSEMENT;75008;45f8dd21a4e80;
Portets;33640;420bd821d4e81;
BELLIGNE;44370;448207aaa4880;
treillières;44119;4028b821d4e81;
BOUGIVAL;78380;4f7a9821d4e80;
CORANCY;58120;46190d21a4e80;
55,Assestraat,B1700,St-Ulriks-Kapelle (Dilbeek);;401f4821d4e81;
LE PERREUX SUR MARNE;94170;4af8a821d4e80;
MARSANNAY LA COTE;21160;47ae3821d4e80;
STRASBOURG;67200;47c12821d4e84;
MONTFORT L AMAURY;78490;41888821d4e81;
GIERES;38610;4c787821d4e80;
Rouen;76100;4a2ab821d4e80;
MARQUION;62860;48cb4821d4e80;
MONTREUIL;93100;47886821d4e80;
BOSSEY;74160;4d40e821d4e84;
PARIS 1ER ARRONDISSEMENT;75001;4d388821d4e80;
BUSSY ST GEORGES;77600;4c288821d4e80;
CHENNEVIERES SUR MARNE;94430;47004d21a4e84;
VILLIERS ST FREDERIC;78640;4d6a9821d4e80;
ST GERMAIN LES ARPAJON;91180;4718ed21a4e80;
COLLONGES SUR SALEVE;74160;43ece821d4e80;
MEURSAULT;21190;4b008821d4e84;
PARIS 16EME ARRONDISSEMENT;75016;4b4a7921d4e80;
ROCHEFORT;17300;495c3821d4e80;
MONTGEROULT;95650;4e0cb821d4e80;
MASLEON;87130;44e86821d4e80;
PARON;89100;4eec4821d4e80;
CONDE SUR MARNE;51150;4f0ab821d4e80;
PARIS 5EME ARRONDISSEMENT;75005;49a8fd21a4e80;
BEAUNE;21200;40f6f821d4e80,4868e821d4e80;
Mantry;39230;498257aaa4880;
Flat 29 Regency House,Whitworth Street,M1 3NR,Manchester;;41887821d4e81;
PARIS 18EME ARRONDISSEMENT;75018;409a7821d4e81;
NAYEMONT LES FOSSES;88100;4088f821d4e80;
VAUREAL;95490;426b1821d4e80;
paris;75019;45a8b821d4e80;
PARIS 15EME ARRONDISSEMENT;75015;461ab921d4e80;
10,Allée de la Cheneraie,1300,Wavre;;;4338e821d4e80
35,Mimosa Street,SW6 4DS,London;;;43eb8821d4e80
CANCALE;35260;404d9d21a4e81;
Clermont-Ferrand;63100;4da8a821d4e80;
VIROFLAY;78220;4950fd21a4e84,40aaf7aaa4880;
GENNEVILLIERS;92230;4d7ccd21a4e80;
paris;75009;4df8dd21a4e80;
SOISSONS;2200;4078f821d4e81;
33,Jan van Eijckstraat 33,1077LH,Amsterdam;;4f100d21a4e84;
Dax;40100;4298f821d4e81;
PUTEAUX;92800;4facfd21a4e80;
EVAUX LES BAINS;23110;4ebf5821d4e80;
montpellier;34090;47392821d4e80;
Monaco;98000;492d6821d4e80;
ST YZAN DE SOUDIAC;33920;46205821d4e84;
Sainte-Marthe;27190;4b305821d4e84;
VILLENEUVE LES AVIGNONS;30400;41fbd821d4e81;
PARIS 5EME ARRONDISSEMENT;75005;46e04d21a4e84;
Saint-Sornin-Leulac;87290;44dcf821d4e80,4176d7aaa4881;
PARIS 12EME ARRONDISSEMENT;75012;467ccd21a4e80;
Le Havre;76600;4b608821d4e84;
CHATILLON SUR SEINE;21400;40d8f821d4e80;
paris;75116;4b1b3921d4e80;
PARIS 17EME ARRONDISSEMENT;75017;423cf821d4e80;
la rochefoucauld;16110;4a3d6821d4e80;
BEAUFORT EN VALLEE;49250;4958c821d4e80;
18,ALBERT PHILIPPE,L2331,LUXEMBOURG;;;48fb5821d4e80
NOISY LE GRAND;93160;44bc4d21a4e80;
St alban de roche;38080;448ae821d4e80;
NARBONNE;11100;4236f821d4e80;
PARIS 15EME ARRONDISSEMENT;75015;4b7c9d21a4e80;
L ISLE JOURDAIN;86150;4168f821d4e81;
Sevres;92310;473e1821d4e80;
Paris;75007;45dd3d21a4e80;
Villeneuve-Loubet;6270;424cd821d4e80,494c7821d4e80,4e0c5821d4e80,4ca88821d4e80;
4,Kuiperstraat,5405 BB,Uden;;;4f7cb821d4e80
NANTEUIL;79400;44e8c821d4e80;
PARIS;75016;4f0aa921d4e80;
Paris;75012;4a0aa921d4e80;
EPINAY SUR SEINE;93800;4b1ab821d4e80;
18,Holter terrasse,1448,Drobak;;;49b8cd21a4e80
PARIS;75017;4bfe0d21a4e80;
LEVALLOIS PERRET;92300;4c591821d4e80;
Chelles;77500;4c297d21a4e80;
PARIS 17EME ARRONDISSEMENT;75017;448a5921d4e80;
PARIS 15EME ARRONDISSEMENT;75015;4028ed21a4e81;
Paris;75008;4648d821d4e80;
HYERES;83400;41bba821d4e81;
PARIS 15EME ARRONDISSEMENT;75015;41c96d21a4e81;
saint etienne;42100;4f2ad7aaa4880;
PARIS 13EME ARRONDISSEMENT;75013;47dd3d21a4e80;
Montreuil;93100;4c40e821d4e84;
drancy;93700;4ef01921d4e84;
paris;75008;400dcd21a4e81;
Courbevoie;92400;46ed9821d4e80;
PARIS 14EME ARRONDISSEMENT;75014;452e0d21a4e80;
PARIS;75014;4760dd21a4e84;
NANTERRE;92000;46303d21a4e84;
172,rue de la coquinie,7700,Mouscron;;;4878e821d4e80
AVIGNON;84000;415b7821d4e80;
Romainville;93230;44b8b821d4e80;
COLOMBES;92700;466c5d21a4e80;
PARIS 3EME ARRONDISSEMENT;75003;4a0257aaa4880;
PARIS;75017;4bcfad21a4e80;
PARIS 13EME ARRONDISSEMENT;75013;411b1921d4e81;
TOULOUSE;31200;4a10e821d4e84;
67,hoornstraat,8340,Damme;;;42dc8821d4e80
ORCONTE;51300;4f9f4821d4e80;
FARAMANS;1800;49b8e821d4e80;
FURCHHAUSEN;67700;42db0821d4e81;
BLIGNY LES BEAUNE;21200;4920e3a982f90;
ROUVRES;28260;43ac7d21a4e80;
SERRIS;77700;449277aaa4880;
ISSY LES MOULINEAUX;92130;4a1af821d4e80;
FLEURY;50800;4ec8a821d4e80;
NOUVION SUR MEUSE;8160;415a47aaa4880;
Paris;75020;4c603d21a4e84;
MARSEILLE 1ER ARRONDISSEM;13001;4d4f6821d4e80;
BOULOGNE BILLANCOURT;92100;42dc3821d4e80;
ST JEAN;31240;468b5821d4e80;
EGREVILLE;77620;499917aaa4880;
;75007;4cadbd21a4e80;
PARIS;75017;480aa821d4e80;
HALLUIN;59250;4878a821d4e80;
PARIS;75007;4c246921d4e80;
Paris;75017;463aa821d4e80;
PARIS 1ER ARRONDISSEMENT;75001;4a4aa921d4e80;
Meudon;92190;45493d21a4e80;
COLLEGIEN;77090;4eccfd21a4e80,486b2921d4e80;
PARIS 11EME ARRONDISSEMENT;75011;4c704d21a4e84;
Versailles;78000;4778b821d4e80;
CAMON;80450;4d68b821d4e80;
paris;75017;4ebfed21a4e80;
PARIS 19EME ARRONDISSEMENT;75019;46c10921d4e84;
32,Timorstraat,3818CL,Amersfoort;;4a2b0821d4e80;
Bagnolet;93179;43bae821d4e80;
VAUGNERAY;69670;4b3bb22982f80;
